Year,Taxon,Collector,weight
1758,Orthoptera,Linnaeus,2
1828,Lepidoptera,"Say, Thomas",1
1831,Orthoptera,Serville,1
1832,Lepidoptera,Poey,11
1834,Coleoptera,Serville,1
1838,Orthoptera,Burmeister,1
1839,Orthoptera,Serville,1
1840,Coleoptera,Castelneau,1
1841,Orthoptera,Harris,1
1845,Coleoptera,Motschulsky,1
1846,Diptera,Loew,1
1846,Lepidoptera,Poey,1
1850,Orthoptera,Haldeman,2
1851,Lepidoptera,Poey,7
1853,Lepidoptera,Poey,1
1854,Hemiptera,Haldeman,2
1855,Coleoptera,Perroud,1
1857,Blattodea,??,2
1857,Lepidoptera,Herrich,1
1858,Blattodea,StÃ¥l,1
1858,Coleoptera,Thomson,4
1859,Diptera,Osten Sacken,46
1859,Lepidoptera,Clemens,36
1860,Coleoptera,Thomson,1
1860,Hymenoptera,Norton,1
1860,Lepidoptera,Clemens,125
1861,Hemiptera,Uhler,1
1861,Hymenoptera,Norton,4
1861,Lepidoptera,Clemens,1
1861,Orthoptera,Scudder,4
1862,Blattodea,Scudder,2
1862,Coleoptera,Bland,9
1862,Hemiptera,StÃ¥l,1
1862,Hymenoptera,Norton,11
1862,Lepidoptera,Clemens,9
1862,Lepidoptera,Grote,1
1862,Lepidoptera,Herrich,8
1862,Lepidoptera,Herrich,1
1862,Orthoptera,Scudder,39
1863,Coleoptera,Bland,10
1863,Hemiptera,Uhler,5
1863,Hymenoptera,Bassett,5
1863,Hymenoptera,Cresson,32
1863,Hymenoptera,Norton,1
1863,Lepidoptera,Blake,1
1863,Lepidoptera,Clemens,34
1863,Lepidoptera,Grote,13
1863,Lepidoptera,Herrich,5
1863,Orthoptera,Scudder,1
1864,Coleoptera,Bland,18
1864,Coleoptera,Chabrill,1
1864,Coleoptera,Fairmaire,1
1864,Coleoptera,Thomson,4
1864,Hymenoptera,Bassett,8
1864,Hymenoptera,Cresson,247
1864,Hymenoptera,Norton,21
1864,Lepidoptera,Clemens,48
1864,Lepidoptera,Grote,29
1864,Lepidoptera,Herrich,4
1864,Lepidoptera,Packard,6
1864,Orthoptera,Uhler,5
1865,Coleoptera,Bland,9
1865,Coleoptera,Brendel,16
1865,Diptera,Osten Sacken,1
1865,Hymenoptera,Cresson,384
1865,Hymenoptera,Norton,1
1865,Lepidoptera,Blake,1
1865,Lepidoptera,Clemens,26
1865,Lepidoptera,Grote,31
1865,Lepidoptera,Grote & Robinson,5
1865,Lepidoptera,Herrich,9
1866,Coleoptera,Brendel,6
1866,Coleoptera,LeConte,2
1866,Hymenoptera,Packard,9
1866,Lepidoptera,Grote,6
1866,Lepidoptera,Grote & Robinson,9
1866,Lepidoptera,Gundlach,1
1866,Lepidoptera,Reakirt,3
1867,Diptera,Grote,2
1867,Hymenoptera,Cresson,108
1867,Hymenoptera,Norton,33
1867,Hymenoptera,Packard,32
1867,Lepidoptera,Grote,7
1867,Lepidoptera,Grote & Robinson,17
1868,Hymenoptera,Cresson,1
1868,Hymenoptera,Cresson,188
1868,Hymenoptera,Davis,2
1868,Hymenoptera,Norton,11
1868,Lepidoptera,Grote & Robinson,17
1868,Orthoptera,"Smith, S.I.",1
1869,Blattodea,Scudder,2
1869,Blattodea,Walker,1
1869,Diptera,Osten Sacken,2
1869,Hymenoptera,Cresson,5
1869,Hymenoptera,Cresson,62
1869,Hymenoptera,Norton,15
1869,Lepidoptera,Robinson,43
1869,Mantodea,Scudder,1
1869,Orthoptera,Scudder,49
1869,Phasmatodea,Scudder,1
1870,Coleoptera,Bonvouloir,2
1870,Diplopoda,Cope,1
1870,Hemiptera,Uhler,1
1870,Hymenoptera,Bassett,2
1870,Hymenoptera,Cresson,77
1870,Lepidoptera,Grote & Robinson,8
1870,Lepidoptera,Robinson,2
1871,Hymenoptera,Blake,68
1871,Hymenoptera,Cresson,2
1871,Lepidoptera,Grote,2
1872,Coleoptera,Horn,2
1872,Hymenoptera,Blake,12
1872,Hymenoptera,Cresson,291
1872,Hymenoptera,Norton,17
1872,Lepidoptera,Chambers,2
1872,Lepidoptera,Grote,32
1872,Lepidoptera,Scudder,2
1872,Lepidoptera,Strecker,1
1872,Mantodea,Scudder,1
1872,Orthoptera,Scudder,7
1873,Coleoptera,Crotch,10
1873,Coleoptera,Horn,25
1873,Hymenoptera,Cresson,12
1873,Hymenoptera,Cresson,196
1873,Lepidoptera,Grote,6
1874,Coleoptera,Crotch,1
1874,Hymenoptera,Cresson,21
1874,Hymenoptera,Cresson,7
1875,Blattodea,Scudder,1
1875,Dermaptera,Scudder,2
1875,Diptera,Osten Sacken,2
1875,Hymenoptera,Cresson,1
1875,Hymenoptera,Cresson,16
1875,Lepidoptera,Edwards,1
1875,Orthoptera,Scudder,70
1875,Orthoptera,Thomas,1
1875,Phasmatodea,Scudder,3
1876,Coleoptera,Horn,41
1876,Hymenoptera,Cresson,1
1876,Hymenoptera,Cresson,2
1876,Lepidoptera,Packard,1
1876,Orthoptera,Bruner,1
1876,Orthoptera,Dodge,2
1876,Orthoptera,Scudder,37
1877,Blattodea,Scudder,2
1877,Coleoptera,Thomson,1
1877,Hymenoptera,Cresson,69
1877,Hymenoptera,Packard,1
1877,Lepidoptera,"Edwards, W.H.",1
1877,Mantodea,Scudder,1
1877,Orthoptera,Dodge,1
1877,Orthoptera,Scudder,27
1877,Orthoptera,Uhler,1
1878,Coleoptera,Horn,2
1878,Coleoptera,LeConte,4
1878,Hymenoptera,Cresson,319
1878,Orthoptera,Brunner,1
1878,Orthoptera,Scudder,35
1879,Coleoptera,Horn,1
1879,Coleoptera,Thomson,1
1879,Hymenoptera,Blake,28
1879,Hymenoptera,Cresson,60
1879,Hymenoptera,Cresson,94
1879,Hymenoptera,Emery & Forel,1
1879,Hymenoptera,Norton,8
1879,Hymenoptera,Patton,4
1879,Hymenoptera,"Smith, E.A.",1
1879,Lepidoptera,Fernald,1
1879,Orthoptera,Scudder,1
1880,Hymenoptera,Cresson,176
1881,Hymenoptera,Bassett,29
1881,Hymenoptera,Cresson,10
1881,Hymenoptera,Packard,2
1881,Hymenoptera,Patton,1
1881,Lepidoptera,Edwards,1
1881,Lepidoptera,Gundlach,1
1881,Orthoptera,Packard,1
1881,Orthoptera,Scudder,8
1882,Coleoptera,Jayne,6
1882,Hymenoptera,Andre,1
1882,Hymenoptera,Cresson,18
1882,Hymenoptera,Cresson,1
1882,Lepidoptera,Walsingham,3
1883,Blattodea,Gerstaecker,1
1883,Psocoptera,Aaron,8
1884,Coleoptera,Bates,1
1884,Coleoptera,Ehlers,1
1884,Coleoptera,LeConte,4
1884,Lepidoptera,Aaron,2
1884,Orthoptera,Bolivar,2
1884,Orthoptera,Bruner,1
1885,Coleoptera,Horn,1
1885,Coleoptera,"Smith, J.B.",3
1885,Hymenoptera,Aaron,32
1885,Orthoptera,Bruner,8
1886,Coleoptera,Van de Poll,4
1886,Hymenoptera,Blake,21
1886,Hymenoptera,Emery,4
1886,Psocoptera,Aaron,8
1887,Coleoptera,Brendel,1
1887,Coleoptera,Van de Poll,4
1887,Diptera,Williston,2
1887,Hymenoptera,Andre,1
1887,Hymenoptera,Cresson,1
1887,Hymenoptera,Emery,3
1887,Hymenoptera,Weed,1
1888,Hymenoptera,McFarland,2
1888,Hymenoptera,Weed,3
1889,Blattodea,??,1
1889,Coleoptera,Blanchard,1
1889,Coleoptera,Brendel,4
1889,Coleoptera,Ritsema,1
1889,Coleoptera,"Smith, J.B.",3
1889,Coleoptera,Van de Poll,1
1889,Hymenoptera,Bassett,1
1889,Hymenoptera,Robertson,10
1889,Lepidoptera,Skinner,3
1889,Lepidoptera,Skinner & Aaron,1
1889,Orthoptera,Bruner,12
1890,Coleoptera,Brendel,20
1890,Coleoptera,Dietz,1
1890,Coleoptera,Pusa,1
1890,Coleoptera,Van de Poll,3
1890,Hymenoptera,Bassett,38
1890,Hymenoptera,Cresson,1
1890,Hymenoptera,Fox,3
1890,Hymenoptera,Robertson,9
1890,Lepidoptera,Skinner,2
1890,Odonata,Calvert,3
1890,Orthoptera,Bruner,12
1890,Orthoptera,Scudder,3
1891,Coleoptera,Dietz,1
1891,Coleoptera,Kannegieter,1
1891,Coleoptera,Van de Poll,5
1891,Hymenoptera,Fox,17
1891,Lepidoptera,Skinner,1
1891,Odonata,Calvert,1
1891,Orthoptera,Bruner,10
1891,Orthoptera,Brunner,1
1892,Coleoptera,Brendel,6
1892,Coleoptera,Kerremans,1
1892,Coleoptera,Wickham,1
1892,Hymenoptera,Beutenmuller,1
1892,Hymenoptera,Fox,32
1892,Hymenoptera,Marlatt,1
1892,Hymenoptera,Robertson,1
1892,Lepidoptera,Laurent,1
1892,Lepidoptera,Skinner,4
1892,Lepidoptera,Skinner & Mengel,3
1892,Orthoptera,Blatchley,1
1892,Orthoptera,Scudder,22
1893,Coleoptera,Brendel,13
1893,Coleoptera,Hamilton,3
1893,Coleoptera,Kerremans,2
1893,Diptera,Williston,1
1893,Hymenoptera,Davis,1
1893,Hymenoptera,Fox,34
1893,Lepidoptera,Skinner,2
1893,Odonata,Calvert,1
1893,Orthoptera,Blatchley,1
1893,Orthoptera,Bruner,2
1893,Orthoptera,Morse,1
1893,Orthoptera,Scudder,7
1894,Coleoptera,Brendel,3
1894,Coleoptera,Hubbard,1
1894,Coleoptera,Kerremans,1
1894,Hymenoptera,Ashmead,5
1894,Hymenoptera,Cockerell,9
1894,Hymenoptera,Cockerell & Casad,2
1894,Hymenoptera,Davis,3
1894,Hymenoptera,Fox,21
1894,Hymenoptera,Fox,7
1894,Lepidoptera,Fernald,1
1894,Lepidoptera,Skinner,1
1894,Orthoptera,Blatchley,1
1894,Orthoptera,Bruner,1
1894,Orthoptera,Morse,3
1894,Orthoptera,Scudder,39
1895,Coleoptera,Casey,1
1895,Coleoptera,Horn,4
1895,Coleoptera,Nonfried,1
1895,Coleoptera,Roberts,2
1895,Coleoptera,Schwarz,1
1895,Hymenoptera,Cockerell,19
1895,Hymenoptera,Cockerell & Casad,3
1895,Hymenoptera,Davis,20
1895,Hymenoptera,Fox,45
1895,Hymenoptera,Marlatt,1
1895,Lepidoptera,Skinner,5
1895,Odonata,Calvert,3
1895,Orthoptera,Bruner,1
1895,Orthoptera,Hancock,1
1895,Orthoptera,Morse,12
1895,Phasmatodea,Scudder,1
1896,Coleoptera,Dietz,33
1896,Hymenoptera,Cockerell,15
1896,Hymenoptera,Dunning,1
1896,Hymenoptera,Fox,7
1896,Hymenoptera,Fox,11
1896,Hymenoptera,Harrington,1
1896,Hymenoptera,Marlatt,36
1896,Lepidoptera,Skinner,2
1896,Mantodea,Scudder,5
1896,Orthoptera,Hancock,6
1896,Orthoptera,McNeill,1
1896,Orthoptera,Morse,1
1896,Orthoptera,Scudder,10
1897,Coleoptera,Hayward,3
1897,Coleoptera,Kerremans,1
1897,Hymenoptera,Cockerell,3
1897,Hymenoptera,Cockerell & Fox,9
1897,Hymenoptera,Davis,90
1897,Hymenoptera,Dunning,2
1897,Hymenoptera,Fox,1
1897,Hymenoptera,Lewis,1
1897,Lepidoptera,Skinner,6
1897,Orthoptera,Bruner,1
1897,Orthoptera,Saussure,1
1897,Orthoptera,Scudder,103
1898,Coleoptera,Boileau,1
1898,Diptera,Hough,7
1898,Diptera,Johnson,7
1898,Hymenoptera,Cockerell,13
1898,Hymenoptera,Davis,117
1898,Hymenoptera,Davis,29
1898,Hymenoptera,Dunning,3
1898,Hymenoptera,Fox,16
1898,Hymenoptera,Viereck,1
1898,Lepidoptera,Fernald,1
1898,Odonata,Calvert,1
1898,Orthoptera,Blatchley,1
1898,Orthoptera,Bolivar,1
1898,Orthoptera,Hancock,2
1898,Orthoptera,Lugger,1
1898,Orthoptera,Scudder,27
1899,Coleoptera,Cockerell,1
1899,Coleoptera,Fall,10
1899,Hymenoptera,Cockerell & Porter,1
1899,Hymenoptera,Fox,65
1899,Lepidoptera,Skinner,3
1899,Odonata,Calvert,3
1899,Orthoptera,Bruner,1
1899,Orthoptera,Hancock,5
1899,Orthoptera,McNeill,1
1899,Orthoptera,Morse,6
1899,Orthoptera,Scudder,61
1900,Blattodea,Scudder,2
1900,Coleoptera,Hayward,1
1900,Coleoptera,Kerremans,6
1900,Hemiptera,Cockerell,1
1900,Hymenoptera,Bassett,40
1900,Hymenoptera,MacGillivray,1
1900,Hymenoptera,Riley & Bassett,1
1900,Mantodea,Rehn,1
1900,Orthoptera,Blatchley,1
1900,Orthoptera,Bruner,25
1900,Orthoptera,Hancock,10
1900,Orthoptera,Morse,7
1900,Orthoptera,Rehn,7
1900,Orthoptera,Scudder,18
1900,Phasmatodea,Scudder,2
1901,Blattodea,Rehn,1
1901,Dermaptera,Rehn,2
1901,Hymenoptera,Viereck,3
1901,Lepidoptera,Bruce,1
1901,Lepidoptera,Newcomb,1
1901,Mantodea,Rehn,7
1901,Orthoptera,Bruner,1
1901,Orthoptera,McNeill,1
1901,Orthoptera,Morse,9
1901,Orthoptera,Rehn,9
1901,Orthoptera,Scudder,11
1901,Phasmatodea,Scudder,2
1902,Blattodea,Rehn,2
1902,Blattodea,Scudder,1
1902,Diptera,Melander,11
1902,Hymenoptera,Bradley,2
1902,Hymenoptera,Crawford,1
1902,Hymenoptera,Viereck,13
1902,Lepidoptera,Skinner,6
1902,Odonata,Calvert,7
1902,Orthoptera,Hancock,19
1902,Orthoptera,Rehn,17
1902,Orthoptera,Scudder,22
1902,Orthoptera,Scudder & Cockerell,2
1902,Phasmatodea,Rehn,1
1902,Phasmatodea,Scudder,2
1903,Blattodea,Rehn,8
1903,Blattodea,"Rehn, J.A.G.",1
1903,Coleoptera,Beutenmuller,2
1903,Coleoptera,Kerremans,1
1903,Coleoptera,Skinner,4
1903,Diptera,Coquillett In Johnson,2
1903,Diptera,Johnson in Skinner,3
1903,Hemiptera,Van Duzee,2
1903,Hymenoptera,Bradley,1
1903,Hymenoptera,Cockerell,43
1903,Hymenoptera,Graenicher,5
1903,Hymenoptera,Viereck,7
1903,Hymenoptera,Viereck,69
1903,Lepidoptera,Kearfott,1
1903,Lepidoptera,Skinner,3
1903,Odonata,Calvert,5
1903,Orthoptera,Blatchley,1
1903,Orthoptera,Bruner,2
1903,Orthoptera,Morse,3
1903,Orthoptera,Rehn,6
1903,Orthoptera,Rehn & Cockerell,1
1903,Orthoptera,Walker,1
1903,Phasmatodea,Scudder,1
1904,Blattodea,Rehn,2
1904,Blattodea,"Rehn, J.A.G.",1
1904,Coleoptera,Skinner,3
1904,Diptera,Back,3
1904,Hemiptera,Van Duzee,2
1904,Hymenoptera,Crawford,2
1904,Hymenoptera,Graenicher,3
1904,Hymenoptera,Viereck,79
1904,Hymenoptera,Viereck & Cockerell,20
1904,Lepidoptera,Skinner,1
1904,Mantodea,Rehn,4
1904,Orthoptera,Bruner,47
1904,Orthoptera,Hancock,14
1904,Orthoptera,Morse,15
1904,Orthoptera,Rehn,19
1904,Orthoptera,Rehn & Hebard,1
1904,Phasmatodea,Rehn,8
1905,Blattodea,Rehn,1
1905,Coleoptera,Boileau,1
1905,Coleoptera,Fall,6
1905,Coleoptera,Skinner,6
1905,Hymenoptera,Bradley,1
1905,Hymenoptera,Brues,4
1905,Hymenoptera,Cockerell,6
1905,Hymenoptera,Viereck,6
1905,Lepidoptera,Skinner,4
1905,Odonata,Calvert,1
1905,Orthoptera,Bruner,35
1905,Orthoptera,Morse,2
1905,Orthoptera,Rehn,26
1905,Orthoptera,Rehn & Hebard,7
1905,Phasmatodea,Rehn,2
1906,Blattodea,Bruner,2
1906,Blattodea,Rehn,4
1906,Coleoptera,Skinner,1
1906,Delete,Rehn,1
1906,Diptera,Cresson,6
1906,Diptera,Melander,2
1906,Hymenoptera,Cockerell,1
1906,Hymenoptera,Skinner,1
1906,Lepidoptera,Skinner,3
1906,Mantodea,Rehn,1
1906,Odonata,Calvert,1
1906,Orthoptera,Bruner,22
1906,Orthoptera,Hancock,18
1906,Orthoptera,Morse,8
1906,Orthoptera,Rehn,12
1906,Orthoptera,Rehn & Hebard,3
1906,Phasmatodea,Rehn,2
1907,Coleoptera,Fall,3
1907,Diptera,Cresson,4
1907,Hymenoptera,Beutenmuller,2
1907,Hymenoptera,Cockerell,2
1907,Hymenoptera,Viereck,13
1907,Lepidoptera,Haimbach,2
1907,Lepidoptera,Skinner,1
1907,Mantodea,Rehn,3
1907,Odonata,Calvert,3
1907,Orthoptera,Bruner,10
1907,Orthoptera,Caudell,1
1907,Orthoptera,Hancock,14
1907,Orthoptera,Rehn,22
1907,Orthoptera,Rehn & Hebard,4
1907,Phasmatodea,Rehn,2
1908,Coleoptera,Kerremans,1
1908,Diptera,Cresson,3
1908,Hymenoptera,Bradley,6
1908,Lepidoptera,Grossbeck,6
1908,Lepidoptera,Haimbach,5
1908,Lepidoptera,Jones,1
1908,Lepidoptera,Skinner,1
1908,Mantodea,Rehn & Hebard,1
1908,Odonata,Calvert,2
1908,Odonata,Williamson,1
1908,Orthoptera,Bruner,37
1908,Orthoptera,Hancock,2
1908,Orthoptera,Hebard,1
1908,Orthoptera,Morse,1
1908,Orthoptera,Rehn,3
1908,Orthoptera,Rehn & Hebard,4
1908,Phasmatodea,Redtenbacker,1
1909,Blattodea,Rehn & Hebard,2
1909,Coleoptera,Fall,2
1909,Coleoptera,Kerremans,1
1909,Diptera,Back,3
1909,Hymenoptera,Beutenmuller,1
1909,Hymenoptera,Beutenmuller,1
1909,Hymenoptera,Viereck,3
1909,Mantodea,Rehn & Hebard,1
1909,Odonata,Calvert,15
1909,Orthoptera,Morse,1
1909,Orthoptera,Rehn,3
1909,Orthoptera,Rehn & Hebard,9
1909,Phasmatodea,Rehn,1
1909,Phasmatodea,Rehn & Hebard,2
1910,Blattodea,Rehn & Hebard,1
1910,Coleoptera,Fall,1
1910,Coleoptera,Kerremans,1
1910,Diptera,Cresson,1
1910,Hemiptera,Van Duzee,2
1910,Orthoptera,Bruner,23
1910,Orthoptera,Hancock,6
1910,Orthoptera,Rehn,2
1910,Orthoptera,Rehn & Hebard,2
1911,Blattodea,Rehn,1
1911,Coleoptera,Kerremans,1
1911,Diptera,Cresson,9
1911,Hymenoptera,Franklin,1
1911,Lepidoptera,Skinner,13
1911,Mantodea,Rehn,3
1911,Odonata,Muttkowski,1
1911,Orthoptera,Bruner,54
1911,Orthoptera,Rehn,1
1911,Orthoptera,Rehn,3
1911,Phasmatodea,Rehn,4
1912,Coleoptera,Moellenkamp,1
1912,Diptera,Aldrich,1
1912,Diptera,Alexander,5
1912,Diptera,Cresson,5
1912,Hymenoptera,Bartlett,2
1912,Hymenoptera,Hooker,5
1912,Lepidoptera,Skinner,2
1912,Mantodea,Rehn,2
1912,Odonata,Calvert,1
1912,Odonata,Walker,1
1912,Orthoptera,Fox,2
1912,Orthoptera,Hancock,24
1912,Orthoptera,Rehn,1
1912,Orthoptera,Rehn & Hebard,7
1913,Blattodea,Rehn,3
1913,Diptera,Cresson,2
1913,Diptera,Malloch,1
1913,Diptera,Melander,1
1913,Diptera,Van Duzee,4
1913,Hymenoptera,Bradley,1
1913,Hymenoptera,Franklin,4
1913,Lepidoptera,Skinner,3
1913,Mantodea,Rehn,3
1913,Odonata,Calvert,1
1913,Orthoptera,Bruner,19
1913,Orthoptera,Hancock,11
1913,Orthoptera,Hebard,2
1913,Orthoptera,Rehn,21
1913,Phasmatodea,Rehn,1
1914,Blattodea,??,1
1914,Dermaptera,Rehn & Hebard,1
1914,Diptera,Alexander,6
1914,Diptera,Cresson,9
1914,Diptera,Dietz,6
1914,Diptera,Malloch,38
1914,Diptera,Van Duzee,3
1914,Hymenoptera,Viereck & Cockerell,7
1914,Hymenoptera,Wheeler & Mann,2
1914,Lepidoptera,Ramsden,1
1914,Lepidoptera,Skinner,2
1914,Lepidoptera,Williams,3
1914,Orthoptera,Rehn,1
1914,Orthoptera,Rehn & Hebard,22
1914,Phasmatodea,Rehn & Hebard,1
1915,Blattodea,Rehn,2
1915,Coleoptera,Blanchard,2
1915,Coleoptera,Manee,2
1915,Diptera,Cresson,15
1915,Diptera,Malloch,1
1915,Diptera,Van Duzee,1
1915,Hymenoptera,Merrill,1
1915,Lepidoptera,Haimbach,8
1915,Lepidoptera,Ramsden,1
1915,Orthoptera,Bruner,49
1915,Orthoptera,Hancock,41
1915,Orthoptera,Hebard,2
1915,Orthoptera,Rehn,1
1915,Orthoptera,Rehn & Hebard,11
1916,Blattodea,Hebard,17
1916,Blattodea,Rehn,12
1916,Coleoptera,Angell,2
1916,Dermaptera,Rehn,1
1916,Diptera,Alexander,1
1916,Diptera,Cresson,15
1916,Diptera,Dietz,10
1916,Hymenoptera,Bradley,2
1916,Lepidoptera,Mengel,2
1916,Lepidoptera,Skinner,1
1916,Mantodea,Rehn,2
1916,Orthoptera,Bruner,14
1916,Orthoptera,Caudell,1
1916,Orthoptera,Hebard,1
1916,Orthoptera,Rehn,6
1916,Orthoptera,Rehn & Hebard,11
1917,Blattodea,Hebard,9
1917,Blattodea,Rehn,2
1917,Coleoptera,Angell,1
1917,Coleoptera,Blanchard,1
1917,Coleoptera,Fall,1
1917,Dermaptera,Hebard,3
1917,Dermaptera,Rehn,1
1917,Dermaptera,Rehn & Hebard,1
1917,Diptera,Alexander,2
1917,Diptera,Cresson,10
1917,Diptera,Dietz,4
1917,Diptera,Hine,1
1917,Hymenoptera,Bradley,2
1917,Hymenoptera,Parker,3
1917,Hymenoptera,Viereck,33
1917,Hymenoptera,Viereck,37
1917,Lepidoptera,Skinner,6
1917,Odonata,Calvert,1
1917,Odonata,Williamson,1
1917,Orthoptera,Hebard,1
1917,Orthoptera,Rehn,19
1918,Blattodea,Rehn,7
1918,Coleoptera,??,1
1918,Diptera,Cresson,29
1918,Diptera,Dietz,27
1918,Diptera,Malloch,30
1918,Diptera,Melander,1
1918,Lepidoptera,Skinner,1
1918,Mantodea,Rehn,2
1918,Odonata,Kennedy,1
1918,Orthoptera,Chopard,3
1918,Orthoptera,Hancock,1
1918,Orthoptera,Hebard,11
1918,Orthoptera,Rehn,37
1918,Orthoptera,Rehn & Hebard,3
1918,Phasmatodea,Rehn,1
1919,Blattodea,Hebard,15
1919,Coleoptera,Van Dyke,1
1919,Dermaptera,Hebard,3
1919,Diptera,Alexander,1
1919,Diptera,Cresson,26
1919,Diptera,Dietz,6
1919,Diptera,Hine,3
1919,Diptera,Van Duzee,1
1919,Lepidoptera,Mengel,1
1919,Lepidoptera,Skinner,2
1919,Mantodea,Hebard,2
1919,Odonata,Calvert,3
1919,Orthoptera,Bruner,29
1919,Orthoptera,Hebard,13
1919,Orthoptera,Rehn,7
1919,Orthoptera,Rehn & Hebard,1
1919,Phasmatodea,Hebard,9
1920,Blattodea,Hebard,13
1920,Coleoptera,Aurivillius,1
1920,Coleoptera,Champion,3
1920,Diptera,Cresson,8
1920,Diptera,Dietz,1
1920,Diptera,Hine,1
1920,Diptera,Malloch,12
1920,Hymenoptera,Kinsey,5
1920,Hymenoptera,Viereck,1
1920,Lepidoptera,Skinner,13
1920,Mantodea,Hebard,12
1920,Mantodea,Rehn,3
1920,Odonata,Calvert,2
1920,Orthoptera,Bruner,3
1920,Orthoptera,Hebard,14
1920,Orthoptera,Rehn,3
1920,Orthoptera,Rehn & Hebard,10
1920,Phasmatodea,Hebard,1
1920,Phasmatodea,Rehn,2
1921,Blattodea,Hebard,36
1921,Dermaptera,Hebard,1
1921,Dermaptera,Rehn,3
1921,Diptera,Dietz,32
1921,Diptera,W. G. Dietz,1
1921,Hymenoptera,Weld,1
1921,Lepidoptera,Ramsden,1
1921,Lepidoptera,Skinner,3
1921,Odonata,Calvert,1
1921,Orthoptera,Rehn,4
1921,Phasmatodea,Hebard,1
1922,Blattodea,Cabrera,2
1922,Blattodea,Hebard,2
1922,Blattodea,Rehn,6
1922,Blattodea,"Rehn, J.A.G.",1
1922,Coleoptera,Leng & Mutchler,2
1922,Dermaptera,Hebard,1
1922,Diptera,Cresson,1
1922,Diptera,Cresson,2
1922,Hymenoptera,Kinsey,24
1922,Hymenoptera,Kinsey & Ayers,1
1922,Hymenoptera,Viereck,3
1922,Mantodea,Hebard,4
1922,Orthoptera,Hebard,78
1923,Blattodea,Hebard,7
1923,Dermaptera,Hebard,11
1923,Diptera,Cole,6
1923,Diptera,Cresson,3
1923,Hemiptera,Davis,1
1923,Hymenoptera,Frison,1
1923,Lepidoptera,Skinner,1
1923,Lepidoptera,Skinner & Ramsden,1
1923,Lepidoptera,Skinner & Williams,1
1923,Orthoptera,Hebard,73
1923,Orthoptera,Rehn,1
1923,Phasmatodea,Hebard,4
1924,Blattodea,Hebard,2
1924,Dermaptera,Hebard,3
1924,Diptera,Cresson,7
1924,Diptera,Garrett,1
1924,Diptera,Van Duzee,3
1924,Mantodea,Hebard,1
1924,Odonata,Calvert,2
1924,Orthoptera,Hebard,45
1924,Phasmatodea,Hebard,7
1925,Coleoptera,Notman,1
1925,Dermaptera,Rehn,1
1925,Diptera,Bromley,2
1925,Diptera,Cresson,14
1925,Diptera,Curran,2
1925,Hemiptera,McAtee & Malloch,5
1925,Orthoptera,Hebard,8
1926,Blattodea,Hebard,53
1926,Diptera,Cresson,21
1926,Diptera,Van Duzee,2
1926,Hymenoptera,Mitchell,2
1926,Lepidoptera,Jones,1
1926,Lepidoptera,Williams,9
1926,Orthoptera,Hebard,5
1926,Orthoptera,Karny,1
1927,Blattodea,Rehn & Hebard,38
1927,Coleoptera,"Brown, W.J.",1
1927,Coleoptera,Hatch,2
1927,Dermaptera,Hebard,4
1927,Diptera,Bromley,7
1927,Diptera,Melander,1
1927,Lepidoptera,Gunder,2
1927,Lepidoptera,Williams,7
1927,Mantodea,Giglio-Tos,1
1927,Odonata,Huggins,1
1927,Orthoptera,Hebard,42
1927,Orthoptera,Rehn,1
1928,Blattodea,Hanitsch,1
1928,Blattodea,Rehn,15
1928,Coleoptera,Gentner,2
1928,Hymenoptera,Mitchell,1
1928,Lepidoptera,Haimbach,5
1928,Orthoptera,Hebard,46
1929,Blattodea,Hebard,30
1929,Coleoptera,Buchanan,1
1929,Coleoptera,Rivnay,3
1929,Dermaptera,Hebard,1
1929,Diptera,Cresson,14
1929,Hymenoptera,Mitchell,3
1929,Lepidoptera,Klots,1
1929,Orthoptera,Hebard,4
1929,Orthoptera,Hubbell,1
1929,Orthoptera,Rehn,20
1930,Blattodea,Rehn,9
1930,Diptera,Cresson,17
1930,Diptera,Hull,9
1930,Diptera,Leonard,1
1930,Hymenoptera,Mitchell,38
1930,Lepidoptera,Haimbach,1
1930,Odonata,Needham,1
1930,Orthoptera,Rehn,4
1930,Orthoptera,Vignon,1
1931,Blattodea,Rehn,4
1931,Blattodea,"Rehn, J.A.G.",1
1931,Diptera,Bromley,1
1931,Diptera,Cresson,6
1931,Lepidoptera,Cadbury,1
1931,Lepidoptera,Williams,2
1931,Lepidoptera,Williams & Bell,8
1931,Mantodea,Hebard,1
1931,Odonata,Calvert,8
1931,Orthoptera,Hebard,9
1931,Orthoptera,Karny,1
1932,Blattodea,Rehn,16
1932,Blattodea,"Rehn, J. A. G.",1
1932,Coleoptera,Dawson,1
1932,Coleoptera,Fletcher,1
1932,Dermaptera,Hebard,1
1932,Diptera,Cresson,8
1932,Diptera,Painter,1
1932,Orthoptera,Hebard,29
1932,Orthoptera,Hubbell,2
1932,Phasmatodea,Hebard,2
1933,Blattodea,Hebard,14
1933,Blattodea,Rehn,1
1933,Blattodea,Rehn,5
1933,Blattodea,"Rehn, J.A.G.",1
1933,Coleoptera,Blaisdell,1
1933,Dermaptera,Hebard,2
1933,Dermaptera,Rehn,1
1933,Diptera,Cresson,5
1933,Lepidoptera,Williams,1
1933,Orthoptera,Hebard,14
1933,Phasmatodea,Hebard,7
1933,Phasmatodea,Rehn,1
1933,Phasmatodea,Rehn & Rehn,3
1934,Coleoptera,Blaisdell,1
1934,Coleoptera,Maydell,4
1934,Diptera,Bromley,1
1934,Diptera,Cresson,12
1934,Diptera,Huckett,1
1934,Hymenoptera,Mitchell,6
1934,Orthoptera,Hebard,9
1934,Orthoptera,Rehn & Rehn,9
1934,Phasmatodea,Hebard,2
1935,Blattodea,Hebard,2
1935,Coleoptera,Valentine,1
1935,Diptera,Brennan,1
1935,Diptera,Cresson,12
1935,Diptera,Hull,1
1935,Hymenoptera,Mitchell,1
1935,Mantodea,Hebard,1
1935,Mantodea,Rehn,7
1935,Orthoptera,Hebard,22
1936,Dermaptera,Rehn,2
1936,Diptera,Cresson,5
1936,Hymenoptera,Kinsey,1
1936,Hymenoptera,Pate,2
1936,Orthoptera,Hebard,18
1936,Orthoptera,Hubbell,14
1936,Orthoptera,Rehn,2
1936,Orthoptera,Rehn & Rehn,1
1937,Blattodea,Rehn,14
1937,Hymenoptera,Mitchell,1
1937,Hymenoptera,Pate,7
1937,Hymenoptera,Wheeler,1
1937,Lepidoptera,Cadbury,1
1937,Mantodea,Tinkham,1
1937,Orthoptera,Hebard,7
1937,Orthoptera,Rehn,7
1937,Orthoptera,Roberts,11
1937,Phasmatodea,Hebard,2
1937,Phasmatodea,"Rehn, J.W.H.",1
1938,Blattodea,Bei-Bienko,1
1938,Diptera,Cresson,4
1938,Diptera,Fisher,8
1938,Hymenoptera,Pate,12
1938,Mantodea,Rehn & Hebard,1
1938,Orthoptera,Rehn,6
1938,Orthoptera,Rehn & Hebard,2
1938,Orthoptera,Roberts,1
1938,Phasmatodea,Rehn,1
1938,Phasmatodea,Rehn & Hebard,5
1938,Phasmatodea,Rehn & Rehn,15
1938,Phasmatodea,"Rehn, J.W.H.",1
1939,Diptera,Cresson,2
1939,Diptera,Fisher,12
1939,Diptera,Huckett,11
1939,Diptera,James,6
1939,Hymenoptera,Michener,1
1939,Hymenoptera,Pate,13
1939,Lepidoptera,Williams & Bell,4
1939,Neuroptera,Banks,2
1939,Neuroptera,Rehn,2
1939,Orthoptera,Hebard,7
1939,Orthoptera,Rehn,11
1939,Orthoptera,Rehn & Rehn,4
1939,Orthoptera,Strohecker,1
1939,Orthoptera,Tinkham,2
1940,Coleoptera,Green,1
1940,Diptera,Alexander,1
1940,Diptera,Cresson,16
1940,Diptera,Fisher,3
1940,Diptera,Hull,21
1940,Hymenoptera,Pate,22
1940,Orthoptera,Rehn,6
1940,Orthoptera,Rehn & Rehn,3
1940,Phasmatodea,"Rehn, J.W.H.",1
1941,Coleoptera,Dillon & Dillon,5
1941,Diptera,Alexander,1
1941,Diptera,Cresson,7
1941,Diptera,Fisher,5
1941,Diptera,James,1
1941,Hymenoptera,Banks,8
1941,Hymenoptera,Linsley,3
1941,Hymenoptera,Pate,4
1941,Lepidoptera,Brower,1
1941,Lepidoptera,Fox,4
1941,Lepidoptera,Hayward,6
1941,Mantodea,Rehn,1
1941,Orthoptera,Hebard,3
1941,Orthoptera,Rehn,6
1941,Orthoptera,Roberts,1
1941,Trichoptera,Ross,2
1942,Diplopoda,Causey,2
1942,Diptera,Bromley,14
1942,Diptera,Cresson,6
1942,Diptera,Dalmat,1
1942,Hymenoptera,Bradley,1
1942,Hymenoptera,Mickel & Krombein,1
1942,Hymenoptera,Pate,7
1942,Orthoptera,Rehn,11
1942,Orthoptera,Rehn & Rehn,10
1942,Orthoptera,Roberts,3
1942,Polydesmida,Causey,4
1943,Blattodea,Hebard,8
1943,Diptera,Cresson,4
1943,Diptera,Rapp,5
1943,Hymenoptera,Brown,1
1943,Hymenoptera,Linsley,2
1943,Hymenoptera,Pate,13
1943,Lepidoptera,Richards,2
1943,Orthoptera,Rehn,4
1943,Orthoptera,Rehn & Rehn,1
1944,Diptera,Cresson,12
1944,Hymenoptera,LaBerge,1
1944,Hymenoptera,Pate,3
1944,Orthoptera,Rehn,13
1944,Orthoptera,Rehn & Rehn,1
1944,Orthoptera,Tinkham,4
1945,Blattodea,Rehn,2
1945,Coleoptera,Dillon & Dillon,11
1945,Orthoptera,Rehn,2
1945,Orthoptera,Rehn & Rehn,12
1946,Coleoptera,Dillon & Dillon,3
1946,Dermaptera,Rehn,4
1946,Diptera,Cresson,2
1946,Hymenoptera,Pate,2
1946,Orthoptera,Rehn,7
1947,Blattodea,Rehn,1
1947,Diptera,Cresson,1
1947,Hymenoptera,Pate,12
1947,Odonata,Calvert,3
1947,Orthoptera,Rehn,2
1947,Orthoptera,Roberts,8
1947,Phasmatodea,Rehn,6
1948,Coleoptera,Robinson,1
1948,Delete,Cresson,1
1948,Dermaptera,Rehn,1
1948,Diptera,Cresson,3
1948,Hymenoptera,Pate,1
1948,Lepidoptera,Braun,1
1948,Orthoptera,Rehn,2
1948,Orthoptera,Shane,1
1949,Coleoptera,Green,1
1949,Diptera,Cresson,3
1949,Lepidoptera,Darlington,4
1949,Mantodea,Rehn,7
1949,Odonata,Calvert,1
1950,Coleoptera,Dillon & Dillon,3
1950,Coleoptera,Green,1
1950,Coleoptera,Wallis,1
1950,Diptera,Bromley,1
1950,Diptera,Sabrosky,1
1950,Orthoptera,Rehn,7
1950,Polydesmida,Causey,4
1951,Blattodea,Rehn,2
1951,Mantodea,Rehn,3
1951,Orthoptera,Rehn,5
1952,Dermaptera,Burr,1
1952,Orthoptera,Rehn,2
1953,Orthoptera,Rehn,5
1953,Phasmatodea,Rehn,1
1954,Coleoptera,Boyle,1
1954,Diptera,Sturtevant & Wheeler,25
1955,Orthoptera,Grant,7
1955,Orthoptera,Rehn,6
1956,Orthoptera,Grant,7
1956,Orthoptera,Rehn,1
1956,Orthoptera,Rehn & Grant,2
1956,Orthoptera,Tinkham,4
1957,Coleoptera,Green,3
1957,Diptera,Laffoon,3
1957,Diptera,Oldroyd,2
1957,Diptera,Roback,36
1957,Orthoptera,Rehn,1
1958,Diptera,Roback,1
1958,Ephemeroptera,"Edmunds, Berner & Traver",1
1958,Orthoptera,Grant,3
1958,Orthoptera,Rehn,1
1958,Orthoptera,Rehn & Grant,3
1959,Collembola,Scott,1
1959,Diptera,Roback,1
1959,Orthoptera,Rehn,1
1959,Orthoptera,Rehn & Grant,6
1960,Collembola,Scott,7
1960,Diptera,Roback,11
1960,Hymenoptera,Mitchell,2
1960,Orthoptera,Grant,2
1961,Collembola,Scott,6
1961,Orthoptera,Chopard,2
1961,Orthoptera,Eades,1
1961,Orthoptera,Gurney & Eades,1
1961,Orthoptera,Rehn & Eades,3
1962,Coleoptera,Moxey,3
1962,Collembola,Scott,3
1962,Diptera,Roback,5
1962,Orthoptera,Rehn & Randell,1
1962,Orthoptera,Walker,1
1963,Coleoptera,Moxey,2
1963,Collembola,Scott,5
1963,Lepidoptera,Braun,3
1963,Orthoptera,Kevan,3
1964,Collembola,Scott,4
1964,Orthoptera,Grant,8
1964,Orthoptera,"Kevan, Akbar & Singh",2
1964,Orthoptera,"Kevan, Singh & Akbar",4
1965,Blattodea,Rehn,1
1965,Coleoptera,Moxey,1
1965,Collembola,Scott,3
1965,Diptera,Roback,1
1965,Orthoptera,Kevan,1
1965,Orthoptera,Liebermann,1
1966,Coleoptera,Green,2
1966,Diptera,Dodge,1
1966,Orthoptera,Nickle,1
1967,Orthoptera,Chopard,5
1967,Orthoptera,Nickle,1
1967,Orthoptera,Walker,2
1968,Orthoptera,Chopard,3
1968,Orthoptera,Rentz & Birchim,10
1968,Orthoptera,Willemse,1
1969,Orthoptera,Chopard,2
1969,Orthoptera,Emsley & Nickle,3
1969,Orthoptera,??,4
1969,Orthoptera,Ragge,1
1970,Orthoptera,Emsley,10
1970,Orthoptera,Huxley,3
1971,Diptera,Roback,3
1971,Orthoptera,Descamps,3
1971,Orthoptera,Jago,8
1971,Orthoptera,Rentz & Miller,2
1971,Phasmatodea,Moxey,1
1972,Hymenoptera,La Berge & Ribble,1
1972,Lepidoptera,Braun,1
1972,Orthoptera,Rentz,6
1973,Blattodea,Roth,2
1973,Blattodea,Roth & Princis,1
1973,Orthoptera,Descamps,3
1973,Orthoptera,Rentz,1
1973,Orthoptera,Rentz & Weissman,1
1973,Orthoptera,Roberts,5
1974,Orthoptera,Descamps,29
1974,Orthoptera,Kevan,3
1974,Orthoptera,Willemse,1
1975,Orthoptera,Bailey,1
1975,Orthoptera,Descamps,4
1975,Orthoptera,Rentz,2
1975,Orthoptera,Roberts,5
1976,Hymenoptera,Huber,1
1976,Orthoptera,Descamps,14
1976,Orthoptera,??,3
1976,Orthoptera,Rentz,1
1976,Orthoptera,Ronderos,1
1977,Blattodea,Roth,1
1977,Diptera,Soponis,1
1977,Ephemeroptera,Allen,1
1977,Orthoptera,Rowell & Carbonell,1
1977,Orthoptera,Willemse,3
1979,Blattodea,Roth,3
1979,Diptera,Roback,1
1979,Orthoptera,Descamps,3
1979,Orthoptera,Otte,10
1979,Orthoptera,Otte & Jago,2
1980,Diptera,Roback,1
1980,Hemiptera,DeLong,1
1981,Diptera,Roback,1
1981,Orthoptera,Rentz & Weissman,1
1982,Diptera,Roback,1
1982,Mantodea,Terra,1
1983,Diptera,Roback,5
1983,Orthoptera,Otte,4
1983,Orthoptera,Otte & Cade,12
1984,Orthoptera,Nickle,2
1984,Orthoptera,Otte,12
1984,Orthoptera,Otte & Cade,22
1985,Blattodea,Roth,1
1985,Diptera,Roback,1
1985,Orthoptera,Otte,8
1986,Blattodea,Roth,1
1986,Coleoptera,Young,1
1987,Diptera,Roback,7
1987,Orthoptera,Otte,46
1988,Diptera,Roback & Rutter,1
1988,Orthoptera,Otte,10
1988,Orthoptera,"Otte, Toms & Cade",3
1989,Dermaptera,Sakai,1
1989,Mantodea,Roy,1
1991,Blattodea,Roth,1
1993,Blattodea,Roth,1
1994,Ephemeroptera,Lugo-Ortiz & McCafferty,1
1994,Orthoptera,Otte,207
1995,Blattodea,Roth,2
1995,Orthoptera,"Perez, Dominici, Hierro & Otte",7
1996,Blattodea,Roth,3
1997,Blattodea,Roth,3
1997,Odonata,DeMarmels,1
1997,Orthoptera,Otte & Peck,7
1998,Blattodea,Roth & Guttierrez,1
1998,Orthoptera,"Gelabert, Hierro & Otte",10
1998,Orthoptera,"Perez, Hierro & Otte",1
1998,Orthoptera,"Perez, Hierro, Dominici & Otte",4
1998,Orthoptera,"Perez-Gelabert, Hierro & Otte",2
1999,Blattodea,Gutierrrez,1
1999,Blattodea,Roth,1
1999,Lepidoptera,Wright & Pavulaan,1
2002,Orthoptera,Otte,2
2002,Orthoptera,Otte & Cohn,5
2003,Coleoptera,Smith,1
2003,Diplura,Allen,2
2003,Orthoptera,Cigliano & Otte,13
2005,Diplura,Allen,1
2005,Diplura,Allen & Rosenberg,2
2005,Lepidoptera,Pavulaan & Wright,1
2006,Diplura,Allen,4
2006,Ephemeroptera,Funk,1
