source,destination,weight,specificyear
N/A,Acari,1,
N/A,Acarina,2,
N/A,Amblypygi,1,
N/A,Araneae,2,
N/A,Blattodea,33,
N/A,Chilopoda,14,
N/A,Coleoptera,33,
N/A,Dermaptera,1,
N/A,Diplopoda,11,
N/A,Diptera,4,
N/A,Ephemeroptera,2,
N/A,Geophilomorpha,9,
N/A,Hymenoptera,391,
N/A,Lepidoptera,12,
N/A,Mantodea,10,
N/A,Neuroptera,15,
N/A,Odonata,12,
N/A,Opiliones,10,
N/A,Orthoptera,304,
N/A,Phasmatodea,14,
N/A,Pseudoscorpiones,1,
N/A,Scorpionidea,1,
1758,Orthoptera,2,
1828,Lepidoptera,1,
1831,Orthoptera,1,
1832,Lepidoptera,11,
1834,Coleoptera,1,
1838,Orthoptera,1,
1839,Orthoptera,1,
1840,Coleoptera,1,
1841,Orthoptera,1,
1845,Coleoptera,1,
1846,Diptera,1,
1846,Lepidoptera,1,
1850,Orthoptera,2,
1851,Lepidoptera,7,
1853,Lepidoptera,1,
1854,Hemiptera,2,
1855,Coleoptera,1,
1857,Blattodea,2,
1857,Lepidoptera,1,
1858,Blattodea,1,
1858,Coleoptera,4,
1859,Diptera,46,
1859,Lepidoptera,36,
1860,Coleoptera,1,
1860,Hymenoptera,1,
1860,Lepidoptera,125,
1861,Hemiptera,1,
1861,Hymenoptera,4,
1861,Lepidoptera,1,
1861,Orthoptera,4,
1862,Blattodea,2,
1862,Coleoptera,9,
1862,Hemiptera,1,
1862,Hymenoptera,11,
1862,Lepidoptera,19,
1862,Orthoptera,39,
1863,Coleoptera,10,
1863,Hemiptera,5,
1863,Hymenoptera,38,
1863,Lepidoptera,53,
1863,Orthoptera,1,
1864,Coleoptera,24,
1864,Hymenoptera,276,
1864,Lepidoptera,87,
1864,Orthoptera,5,
1865,Coleoptera,25,
1865,Diptera,1,
1865,Hymenoptera,385,
1865,Lepidoptera,72,
1866,Coleoptera,8,
1866,Hymenoptera,9,
1866,Lepidoptera,19,
1867,Diptera,2,
1867,Hymenoptera,173,
1867,Lepidoptera,24,
1868,Hymenoptera,1,
1868,Hymenoptera,199,
1868,Lepidoptera,17,
1868,Orthoptera,1,
1869,Hymenoptera,5,
1869,Blattodea,3,
1869,Diptera,2,
1869,Hymenoptera,77,
1869,Lepidoptera,43,
1869,Mantodea,1,
1869,Orthoptera,49,
1869,Phasmatodea,1,
1870,Coleoptera,2,
1870,Diplopoda,1,
1870,Hemiptera,1,
1870,Hymenoptera,79,
1870,Lepidoptera,10,
1871,Hymenoptera,70,
1871,Lepidoptera,2,
1872,Coleoptera,2,
1872,Hymenoptera,320,
1872,Lepidoptera,37,
1872,Mantodea,1,
1872,Orthoptera,7,
1873,Hymenoptera,12,
1873,Coleoptera,35,
1873,Hymenoptera,196,
1873,Lepidoptera,6,
1874,Hymenoptera,21,
1874,Coleoptera,1,
1874,Hymenoptera,7,
1875,Hymenoptera,1,
1875,Blattodea,1,
1875,Dermaptera,2,
1875,Diptera,2,
1875,Hymenoptera,16,
1875,Lepidoptera,1,
1875,Orthoptera,71,
1875,Phasmatodea,3,
1876,Hymenoptera,1,
1876,Coleoptera,41,
1876,Hymenoptera,2,
1876,Lepidoptera,1,
1876,Orthoptera,40,
1877,Blattodea,2,
1877,Coleoptera,1,
1877,Hymenoptera,70,
1877,Lepidoptera,1,
1877,Mantodea,1,
1877,Orthoptera,29,
1878,Coleoptera,6,
1878,Hymenoptera,319,
1878,Orthoptera,36,
1879,Hymenoptera,60,
1879,Coleoptera,2,
1879,Hymenoptera,136,
1879,Lepidoptera,1,
1879,Orthoptera,1,
1880,Hymenoptera,176,
1881,Hymenoptera,42,
1881,Lepidoptera,2,
1881,Orthoptera,9,
1882,Hymenoptera,18,
1882,Coleoptera,6,
1882,Hymenoptera,2,
1882,Lepidoptera,3,
1883,Blattodea,1,
1883,Psocoptera,8,
1884,Coleoptera,1,
1884,Coleoptera,5,
1884,Lepidoptera,2,
1884,Orthoptera,3,
1885,Coleoptera,4,
1885,Hymenoptera,32,
1885,Orthoptera,8,
1886,Coleoptera,4,
1886,Hymenoptera,25,
1886,Psocoptera,8,
1887,Diptera,2,
1887,Coleoptera,5,
1887,Hymenoptera,6,
1888,Hymenoptera,5,
1889,Blattodea,1,
1889,Coleoptera,10,
1889,Hymenoptera,11,
1889,Lepidoptera,4,
1889,Orthoptera,12,
1890,Coleoptera,25,
1890,Hymenoptera,51,
1890,Lepidoptera,2,
1890,Odonata,3,
1890,Orthoptera,15,
1891,Coleoptera,7,
1891,Hymenoptera,17,
1891,Lepidoptera,1,
1891,Odonata,1,
1891,Orthoptera,11,
1892,Coleoptera,8,
1892,Hymenoptera,35,
1892,Lepidoptera,8,
1892,Orthoptera,23,
1893,Coleoptera,18,
1893,Diptera,1,
1893,Hymenoptera,35,
1893,Lepidoptera,2,
1893,Odonata,1,
1893,Orthoptera,11,
1894,Hymenoptera,21,
1894,Coleoptera,5,
1894,Hymenoptera,26,
1894,Lepidoptera,2,
1894,Orthoptera,44,
1895,Coleoptera,9,
1895,Hymenoptera,88,
1895,Lepidoptera,5,
1895,Odonata,3,
1895,Orthoptera,14,
1895,Phasmatodea,1,
1896,Hymenoptera,7,
1896,Coleoptera,33,
1896,Hymenoptera,64,
1896,Lepidoptera,2,
1896,Mantodea,5,
1896,Orthoptera,18,
1897,Coleoptera,4,
1897,Hymenoptera,106,
1897,Lepidoptera,6,
1897,Orthoptera,105,
1868,Hymenoptera,2,
1898,Hymenoptera,117,
1898,Coleoptera,1,
1898,Diptera,14,
1898,Hymenoptera,62,
1898,Lepidoptera,1,
1898,Odonata,1,
1898,Orthoptera,32,
1899,Coleoptera,11,
1899,Hymenoptera,66,
1899,Lepidoptera,3,
1899,Odonata,3,
1899,Orthoptera,74,
1900,Blattodea,2,
1900,Coleoptera,7,
1900,Hemiptera,1,
1900,Hymenoptera,42,
1900,Mantodea,1,
1900,Orthoptera,68,
1900,Phasmatodea,2,
1901,Blattodea,1,
1901,Dermaptera,2,
1901,Hymenoptera,3,
1901,Lepidoptera,2,
1901,Mantodea,7,
1901,Orthoptera,31,
1901,Phasmatodea,2,
1902,Blattodea,3,
1902,Diptera,11,
1902,Hymenoptera,16,
1902,Lepidoptera,6,
1902,Odonata,7,
1902,Orthoptera,60,
1902,Phasmatodea,3,
1903,Hymenoptera,7,
1903,Blattodea,9,
1903,Coleoptera,7,
1903,Diptera,5,
1903,Hemiptera,2,
1903,Hymenoptera,118,
1903,Lepidoptera,4,
1903,Odonata,5,
1903,Orthoptera,14,
1903,Phasmatodea,1,
1904,Blattodea,3,
1904,Coleoptera,3,
1904,Diptera,3,
1904,Hemiptera,2,
1904,Hymenoptera,104,
1904,Lepidoptera,1,
1904,Mantodea,4,
1904,Orthoptera,96,
1904,Phasmatodea,8,
1905,Blattodea,1,
1905,Coleoptera,13,
1905,Hymenoptera,17,
1905,Lepidoptera,4,
1905,Odonata,1,
1905,Orthoptera,70,
1905,Phasmatodea,2,
1906,Blattodea,6,
1906,Coleoptera,1,
1906,Delete,1,
1906,Diptera,8,
1906,Hymenoptera,2,
1906,Lepidoptera,3,
1906,Mantodea,1,
1906,Odonata,1,
1906,Orthoptera,63,
1906,Phasmatodea,2,
1907,Coleoptera,3,
1907,Diptera,4,
1907,Hymenoptera,17,
1907,Lepidoptera,3,
1907,Mantodea,3,
1907,Odonata,3,
1907,Orthoptera,51,
1907,Phasmatodea,2,
1908,Coleoptera,1,
1908,Diptera,3,
1908,Hymenoptera,6,
1908,Lepidoptera,13,
1908,Mantodea,1,
1908,Odonata,3,
1908,Orthoptera,48,
1908,Phasmatodea,1,
1909,Blattodea,2,
1909,Coleoptera,3,
1909,Diptera,3,
1909,Hymenoptera,5,
1909,Mantodea,1,
1909,Odonata,15,
1909,Orthoptera,13,
1909,Phasmatodea,3,
1910,Blattodea,1,
1910,Coleoptera,2,
1910,Diptera,1,
1910,Hemiptera,2,
1910,Orthoptera,33,
1911,Orthoptera,1,
1911,Blattodea,1,
1911,Coleoptera,1,
1911,Diptera,9,
1911,Hymenoptera,1,
1911,Lepidoptera,13,
1911,Mantodea,3,
1911,Odonata,1,
1911,Orthoptera,57,
1911,Phasmatodea,4,
1912,Coleoptera,1,
1912,Diptera,11,
1912,Hymenoptera,7,
1912,Lepidoptera,2,
1912,Mantodea,2,
1912,Odonata,2,
1912,Orthoptera,34,
1913,Blattodea,3,
1913,Diptera,8,
1913,Hymenoptera,5,
1913,Lepidoptera,3,
1913,Mantodea,3,
1913,Odonata,1,
1913,Orthoptera,53,
1913,Phasmatodea,1,
1914,Blattodea,1,
1914,Dermaptera,1,
1914,Diptera,62,
1914,Hymenoptera,9,
1914,Lepidoptera,6,
1914,Orthoptera,23,
1914,Phasmatodea,1,
1915,Blattodea,2,
1915,Coleoptera,4,
1915,Diptera,17,
1915,Hymenoptera,1,
1915,Lepidoptera,9,
1915,Orthoptera,104,
1916,Blattodea,29,
1916,Coleoptera,2,
1916,Dermaptera,1,
1916,Diptera,26,
1916,Hymenoptera,2,
1916,Lepidoptera,3,
1916,Mantodea,2,
1916,Orthoptera,33,
1917,Hymenoptera,33,
1917,Blattodea,11,
1917,Coleoptera,3,
1917,Dermaptera,5,
1917,Diptera,17,
1917,Hymenoptera,42,
1917,Lepidoptera,6,
1917,Odonata,2,
1917,Orthoptera,20,
1918,Blattodea,7,
1918,Coleoptera,1,
1918,Diptera,87,
1918,Lepidoptera,1,
1918,Mantodea,2,
1918,Odonata,1,
1918,Orthoptera,55,
1918,Phasmatodea,1,
1919,Blattodea,15,
1919,Coleoptera,1,
1919,Dermaptera,3,
1919,Diptera,37,
1919,Lepidoptera,3,
1919,Mantodea,2,
1919,Odonata,3,
1919,Orthoptera,50,
1919,Phasmatodea,9,
1920,Blattodea,13,
1920,Coleoptera,4,
1920,Diptera,22,
1920,Hymenoptera,6,
1920,Lepidoptera,13,
1920,Mantodea,15,
1920,Odonata,2,
1920,Orthoptera,30,
1920,Phasmatodea,3,
1921,Blattodea,36,
1921,Dermaptera,4,
1921,Diptera,33,
1921,Hymenoptera,1,
1921,Lepidoptera,4,
1921,Odonata,1,
1921,Orthoptera,4,
1921,Phasmatodea,1,
1922,Diptera,1,
1922,Blattodea,11,
1922,Coleoptera,2,
1922,Dermaptera,1,
1922,Diptera,2,
1922,Hymenoptera,28,
1922,Mantodea,4,
1922,Orthoptera,78,
1923,Blattodea,7,
1923,Dermaptera,11,
1923,Diptera,9,
1923,Hemiptera,1,
1923,Hymenoptera,1,
1923,Lepidoptera,3,
1923,Orthoptera,74,
1923,Phasmatodea,4,
1924,Blattodea,2,
1924,Dermaptera,3,
1924,Diptera,11,
1924,Mantodea,1,
1924,Odonata,2,
1924,Orthoptera,45,
1924,Phasmatodea,7,
1925,Coleoptera,1,
1925,Dermaptera,1,
1925,Diptera,18,
1925,Hemiptera,5,
1925,Orthoptera,8,
1926,Blattodea,53,
1926,Diptera,23,
1926,Hymenoptera,2,
1926,Lepidoptera,10,
1926,Orthoptera,6,
1927,Blattodea,38,
1927,Coleoptera,3,
1927,Dermaptera,4,
1927,Diptera,8,
1927,Lepidoptera,9,
1927,Mantodea,1,
1927,Odonata,1,
1927,Orthoptera,43,
1928,Blattodea,16,
1928,Coleoptera,2,
1928,Lepidoptera,5,
1928,Orthoptera,46,
1929,Hymenoptera,3,
1929,Blattodea,30,
1929,Coleoptera,4,
1929,Dermaptera,1,
1929,Diptera,14,
1929,Lepidoptera,1,
1929,Orthoptera,25,
1930,Blattodea,9,
1930,Diptera,27,
1930,Hymenoptera,38,
1930,Lepidoptera,1,
1930,Odonata,1,
1930,Orthoptera,5,
1931,Blattodea,5,
1931,Diptera,7,
1931,Lepidoptera,11,
1931,Mantodea,1,
1931,Odonata,8,
1931,Orthoptera,10,
1932,Blattodea,16,
1932,Coleoptera,2,
1932,Dermaptera,1,
1932,Diptera,9,
1932,Orthoptera,31,
1932,Phasmatodea,2,
1933,Blattodea,1,
1932,Blattodea,1,
1933,Blattodea,20,
1933,Coleoptera,1,
1933,Dermaptera,3,
1933,Diptera,5,
1933,Lepidoptera,1,
1933,Orthoptera,14,
1933,Phasmatodea,11,
1934,Coleoptera,5,
1934,Diptera,14,
1934,Hymenoptera,6,
1934,Orthoptera,18,
1934,Phasmatodea,2,
1935,Blattodea,2,
1935,Coleoptera,1,
1935,Diptera,14,
1935,Hymenoptera,1,
1935,Mantodea,8,
1935,Orthoptera,22,
1936,Dermaptera,2,
1936,Diptera,5,
1936,Hymenoptera,3,
1936,Orthoptera,35,
1937,Blattodea,14,
1937,Hymenoptera,9,
1937,Lepidoptera,1,
1937,Mantodea,1,
1937,Orthoptera,25,
1937,Phasmatodea,3,
1938,Blattodea,1,
1938,Diptera,12,
1938,Hymenoptera,12,
1938,Mantodea,1,
1938,Orthoptera,9,
1938,Phasmatodea,22,
1939,Diptera,31,
1939,Hymenoptera,14,
1939,Lepidoptera,4,
1939,Neuroptera,4,
1939,Orthoptera,25,
1940,Coleoptera,1,
1940,Diptera,41,
1940,Hymenoptera,22,
1940,Orthoptera,9,
1940,Phasmatodea,1,
1941,Coleoptera,5,
1941,Diptera,14,
1941,Hymenoptera,15,
1941,Lepidoptera,11,
1941,Mantodea,1,
1941,Orthoptera,10,
1941,Trichoptera,2,
1942,Diplopoda,2,
1942,Diptera,21,
1942,Hymenoptera,9,
1942,Orthoptera,24,
1942,Polydesmida,4,
1943,Blattodea,8,
1943,Diptera,9,
1943,Hymenoptera,16,
1943,Lepidoptera,2,
1943,Orthoptera,5,
1944,Diptera,12,
1944,Hymenoptera,4,
1944,Orthoptera,18,
1945,Blattodea,2,
1945,Coleoptera,11,
1945,Orthoptera,14,
1946,Coleoptera,3,
1946,Dermaptera,4,
1946,Diptera,2,
1946,Hymenoptera,2,
1946,Orthoptera,7,
1947,Blattodea,1,
1947,Diptera,1,
1947,Hymenoptera,12,
1947,Odonata,3,
1947,Orthoptera,10,
1947,Phasmatodea,6,
1948,Coleoptera,1,
1948,Delete,1,
1948,Dermaptera,1,
1948,Diptera,3,
1948,Hymenoptera,1,
1948,Lepidoptera,1,
1948,Orthoptera,3,
1949,Coleoptera,1,
1949,Diptera,3,
1949,Lepidoptera,4,
1949,Mantodea,7,
1949,Odonata,1,
1950,Coleoptera,5,
1950,Diptera,2,
1950,Orthoptera,7,
1950,Polydesmida,4,
1951,Blattodea,2,
1951,Mantodea,3,
1951,Orthoptera,5,
1952,Dermaptera,1,
1952,Orthoptera,2,
1953,Orthoptera,5,
1953,Phasmatodea,1,
1954,Coleoptera,1,
1954,Diptera,25,
1955,Orthoptera,13,
1956,Orthoptera,14,
1957,Coleoptera,3,
1957,Diptera,41,
1957,Orthoptera,1,
1958,Diptera,1,
1958,Ephemeroptera,1,
1958,Orthoptera,7,
1959,Collembola,1,
1959,Diptera,1,
1959,Orthoptera,7,
1960,Collembola,7,
1960,Diptera,11,
1960,Hymenoptera,2,
1960,Orthoptera,2,
1961,Collembola,6,
1961,Orthoptera,7,
1962,Coleoptera,3,
1962,Collembola,3,
1962,Diptera,5,
1962,Orthoptera,2,
1963,Coleoptera,2,
1963,Collembola,5,
1963,Lepidoptera,3,
1963,Orthoptera,3,
1964,Collembola,4,
1964,Orthoptera,14,
1965,Blattodea,1,
1965,Coleoptera,1,
1965,Collembola,3,
1965,Diptera,1,
1965,Orthoptera,2,
1966,Coleoptera,2,
1966,Diptera,1,
1966,Orthoptera,1,
1967,Orthoptera,8,
1968,Orthoptera,14,
1969,Orthoptera,10,
1970,Orthoptera,13,
1971,Diptera,3,
1971,Orthoptera,13,
1971,Phasmatodea,1,
1972,Hymenoptera,1,
1972,Lepidoptera,1,
1972,Orthoptera,6,
1973,Blattodea,3,
1973,Orthoptera,10,
1974,Orthoptera,33,
1975,Orthoptera,12,
1976,Hymenoptera,1,
1976,Orthoptera,19,
1977,Blattodea,1,
1977,Diptera,1,
1977,Ephemeroptera,1,
1977,Orthoptera,4,
1979,Blattodea,3,
1979,Diptera,1,
1979,Orthoptera,15,
1980,Diptera,1,
1980,Hemiptera,1,
1981,Diptera,1,
1981,Orthoptera,1,
1982,Diptera,1,
1982,Mantodea,1,
1983,Diptera,5,
1983,Orthoptera,16,
1984,Orthoptera,36,
1985,Blattodea,1,
1985,Diptera,1,
1985,Orthoptera,8,
1986,Blattodea,1,
1986,Coleoptera,1,
1987,Diptera,7,
1987,Orthoptera,46,
1988,Diptera,1,
1988,Orthoptera,13,
1989,Dermaptera,1,
1989,Mantodea,1,
1991,Blattodea,1,
1993,Blattodea,1,
1994,Ephemeroptera,1,
1994,Orthoptera,207,
1995,Blattodea,2,
1995,Orthoptera,7,
1996,Blattodea,3,
1997,Blattodea,3,
1997,Odonata,1,
1997,Orthoptera,7,
1998,Orthoptera,7,
1998,Blattodea,1,
1998,Orthoptera,10,
1999,Blattodea,2,
1999,Lepidoptera,1,
2002,Orthoptera,7,
2003,Coleoptera,1,
2003,Diplura,2,
2003,Orthoptera,13,
2005,Diplura,3,
2005,Lepidoptera,1,
2006,Diplura,4,
2006,Ephemeroptera,1,
Acari,Chamberlin,1,
Acarina,Chamberlin,2,
Amblypygi,Wood,1,
Araneae,Wood,2,
Blattodea,Bei-Bienko,1,1938
Blattodea,BolÃ­var,1,1889
Blattodea,BolÃ­var,1,1914
Blattodea,Bruner,2,1906
Blattodea,Cabrera,2,1922
Blattodea,Gerstaecker,1,1883
Blattodea,GuÃ©rin-MÃ©neville,2,1857
Blattodea,GutiÃ©rrez,1,1999
Blattodea,Hanitsch,1,1928
Blattodea,Hebard,3,
Blattodea,Hebard,17,1916
Blattodea,Hebard,9,1917
Blattodea,Hebard,15,1919
Blattodea,Hebard,13,1920
Blattodea,Hebard,36,1921
Blattodea,Hebard,2,1922
Blattodea,Hebard,7,1923
Blattodea,Hebard,2,1924
Blattodea,Hebard,53,1926
Blattodea,Hebard,30,1929
Blattodea,Hebard,14,1933
Blattodea,Hebard,2,1935
Blattodea,Hebard,8,1943
Blattodea,Kar.,1,
Blattodea,Rehn,17,
Blattodea,Rehn,1,1901
Blattodea,Rehn,2,1902
Blattodea,Rehn,8,1903
Blattodea,Rehn,2,1904
Blattodea,Rehn,1,1905
Blattodea,Rehn,4,1906
Blattodea,Rehn,1,1911
Blattodea,Rehn,3,1913
Blattodea,Rehn,2,1915
Blattodea,Rehn,12,1916
Blattodea,Rehn,2,1917
Blattodea,Rehn,7,1918
Blattodea,Rehn,6,1922
Blattodea,Rehn,15,1928
Blattodea,Rehn,9,1930
Blattodea,Rehn,4,1931
Blattodea,Rehn,16,1932
Blattodea,Rehn,1,1932[1933]
Blattodea,Rehn,5,1933
Blattodea,Rehn,14,1937
Blattodea,Rehn,2,1945
Blattodea,Rehn,1,1947
Blattodea,Rehn,2,1951
Blattodea,Rehn,1,1965
Blattodea,Rehn & Hebard,2,1909
Blattodea,Rehn & Hebard,1,1910
Blattodea,Rehn & Hebard,38,1927
Blattodea,"Rehn, J. A. G.",1,1933[1932]
Blattodea,"Rehn, J.A.G.",1,
Blattodea,"Rehn, J.A.G.",1,1903
Blattodea,"Rehn, J.A.G.",1,1904
Blattodea,"Rehn, J.A.G.",1,1922
Blattodea,"Rehn, J.A.G.",1,1931
Blattodea,"Rehn, J.A.G.",1,1933
Blattodea,Roth,3,
Blattodea,Roth,2,1973
Blattodea,Roth,1,1977
Blattodea,Roth,3,1979
Blattodea,Roth,1,1985
Blattodea,Roth,1,1986
Blattodea,Roth,1,1991
Blattodea,Roth,1,1993
Blattodea,Roth,2,1995
Blattodea,Roth,3,1996
Blattodea,Roth,3,1997
Blattodea,Roth,1,1999
Blattodea,Roth & GutiÃ©rrez,1,
Blattodea,Roth & GutiÃ©rrez,1,1998
Blattodea,Roth & Princis,1,1973
Blattodea,Scudder,2,1862
Blattodea,Scudder,2,1869
Blattodea,Scudder,1,1875
Blattodea,Scudder,2,1877
Blattodea,Scudder,2,1900
Blattodea,Scudder,1,1902
Blattodea,StÃ¥l,1,1858
Blattodea,unknown,7,
Blattodea,Walker,1,1869
Chilopoda,Wood,14,
Coleoptera,Angell,1,
Coleoptera,Angell,2,1916
Coleoptera,Angell,1,1917
Coleoptera,Aurivillius,1,
Coleoptera,Aurivillius,1,1920
Coleoptera,Bates,1,
Coleoptera,Bates,1,1884
Coleoptera,BeutenmÃ¼ller,1,
Coleoptera,BeutenmÃ¼ller,2,1903
Coleoptera,BeutenmÃ¼ller,1,1918
Coleoptera,Blaisdell,1,1933
Coleoptera,Blaisdell,1,1934
Coleoptera,Blanchard,1,1889
Coleoptera,Blanchard,2,1915
Coleoptera,Blanchard,1,1917
Coleoptera,Bland,9,1862
Coleoptera,Bland,10,1863
Coleoptera,Bland,18,1864
Coleoptera,Bland,9,1865
Coleoptera,Boileau,1,
Coleoptera,Boileau,1,1898
Coleoptera,Boileau,1,1905
Coleoptera,Bonvouloir,2,1870
Coleoptera,Boyle,1,1954
Coleoptera,Brendel,16,1865
Coleoptera,Brendel,6,1866
Coleoptera,Brendel,1,1887
Coleoptera,Brendel,4,1889
Coleoptera,Brendel,20,1890
Coleoptera,Brendel,6,1892
Coleoptera,Brendel,13,1893
Coleoptera,Brendel,3,1894
Coleoptera,Breuning,1,
Coleoptera,"Brown, W.J.",1,1927
Coleoptera,Buchanan,1,1929
Coleoptera,Casey,1,1895
Coleoptera,Castelneau,1,1840
Coleoptera,Chabrill,1,1864
Coleoptera,Champion,3,1920
Coleoptera,Chemsak & Linsley,1,
Coleoptera,Cockerell,1,1899
Coleoptera,Crotch,10,1873
Coleoptera,Crotch,1,1874
Coleoptera,Dawson,1,1932
Coleoptera,Dietz,1,1890
Coleoptera,Dietz,1,1891
Coleoptera,Dietz,33,1896
Coleoptera,Dillon & Dillon,16,
Coleoptera,Dillon & Dillon,5,1941
Coleoptera,Dillon & Dillon,11,1945
Coleoptera,Dillon & Dillon,3,1946
Coleoptera,Dillon & Dillon,3,1950
Coleoptera,Ehlers,1,1883[1884]
Coleoptera,Fairmaire,1,1864
Coleoptera,Fall,10,1899
Coleoptera,Fall,6,1905
Coleoptera,Fall,3,1907
Coleoptera,Fall,2,1909
Coleoptera,Fall,1,1910
Coleoptera,Fall,1,1917
Coleoptera,Fletcher,1,1932
Coleoptera,Gentner,2,1928
Coleoptera,Green,1,1940
Coleoptera,Green,1,1949
Coleoptera,Green,1,1950
Coleoptera,Green,3,1957
Coleoptera,Green,2,1966
Coleoptera,Gressit,2,
Coleoptera,Hamilton,3,1893
Coleoptera,Hatch,2,1927
Coleoptera,Hayward,3,1897
Coleoptera,Hayward,1,1900
Coleoptera,Horn,1,
Coleoptera,Horn,2,1872
Coleoptera,Horn,25,1873
Coleoptera,Horn,41,1876
Coleoptera,Horn,2,1878
Coleoptera,Horn,1,1879
Coleoptera,Horn,1,1885
Coleoptera,Horn,4,1895
Coleoptera,Hubbard,1,1894
Coleoptera,Jayne,6,1882
Coleoptera,Kannegieter,1,1891
Coleoptera,Kerremans,1,1892
Coleoptera,Kerremans,2,1893
Coleoptera,Kerremans,1,1894
Coleoptera,Kerremans,1,1897
Coleoptera,Kerremans,6,1900
Coleoptera,Kerremans,1,1903
Coleoptera,Kerremans,1,1908
Coleoptera,Kerremans,1,1909
Coleoptera,Kerremans,1,1910
Coleoptera,Kerremans,1,1911
Coleoptera,LeConte,2,1866
Coleoptera,LeConte,4,1878
Coleoptera,LeConte,4,1884
Coleoptera,Leng & Mutchler,2,1922
Coleoptera,Manee,2,1915
Coleoptera,Maydell,4,1934
Coleoptera,Moellenkamp,1,1912
Coleoptera,Motschulsky,1,1845
Coleoptera,Moxey,3,1962
Coleoptera,Moxey,2,1963
Coleoptera,Moxey,1,1965
Coleoptera,Nagel,1,
Coleoptera,Nonfried,1,1895
Coleoptera,Notman,1,1925
Coleoptera,Perroud,1,1855
Coleoptera,Pusa,1,1890
Coleoptera,Ritsema,1,1889
Coleoptera,Rivnay,3,1929
Coleoptera,Roberts,2,1895
Coleoptera,Robinson,1,1948
Coleoptera,Schwarz,1,1895
Coleoptera,Serville,1,1834
Coleoptera,Skinner,4,1903
Coleoptera,Skinner,3,1904
Coleoptera,Skinner,6,1905
Coleoptera,Skinner,1,1906
Coleoptera,Smith,1,2003
Coleoptera,"Smith, J.B.",3,1885
Coleoptera,"Smith, J.B.",3,1889
Coleoptera,Strohecker,1,
Coleoptera,Thomson,3,
Coleoptera,Thomson,4,1858
Coleoptera,Thomson,1,1860
Coleoptera,Thomson,4,1864
Coleoptera,Thomson,1,1877
Coleoptera,Thomson,1,1879
Coleoptera,Valentine,1,1935
Coleoptera,Van de Poll,2,
Coleoptera,Van de Poll,4,1886
Coleoptera,Van de Poll,4,1887
Coleoptera,Van de Poll,1,1889
Coleoptera,Van de Poll,3,1890
Coleoptera,Van de Poll,5,1891
Coleoptera,Van Dyke,1,1919
Coleoptera,Wallis,1,1950
Coleoptera,Wickham,1,1892
Coleoptera,Young,1,1986
Collembola,Scott,1,1959
Collembola,Scott,7,1960
Collembola,Scott,6,1961
Collembola,Scott,3,1962
Collembola,Scott,5,1963
Collembola,Scott,4,1964
Collembola,Scott,3,1965
Delete,Bruner,6,
Delete,Cresson,1,1948
Delete,Grant,11,
Delete,Hancock,25,
Delete,Morse,4,
Delete,Otte,1,
Delete,"Perez-Gelabert, Hierro & Otte",10,
Delete,Rehn,1,
Delete,Rehn,1,1906
Delete,Rehn & Grant,3,
Delete,Saint-Fargeau & Serville,1,
Delete,Scudder,1,
Delete,Steinman,1,
Delete,Tinkham,1,
Dermaptera,Burr,1,1952
Dermaptera,Hebard,3,1917
Dermaptera,Hebard,3,1919
Dermaptera,Hebard,1,1921
Dermaptera,Hebard,1,1922
Dermaptera,Hebard,11,1923
Dermaptera,Hebard,3,1924
Dermaptera,Hebard,4,1927
Dermaptera,Hebard,1,1929
Dermaptera,Hebard,1,1932
Dermaptera,Hebard,2,1933
Dermaptera,Rehn,2,1901
Dermaptera,Rehn,1,1916
Dermaptera,Rehn,1,1917
Dermaptera,Rehn,3,1921
Dermaptera,Rehn,1,1925
Dermaptera,Rehn,1,1933
Dermaptera,Rehn,2,1936
Dermaptera,Rehn,4,1946
Dermaptera,Rehn,1,1948
Dermaptera,Rehn & Hebard,1,
Dermaptera,Rehn & Hebard,1,1914
Dermaptera,Rehn & Hebard,1,1917
Dermaptera,Sakai,1,1989
Dermaptera,Scudder,2,1875
Diplopoda,Bollman,1,
Diplopoda,Causey,2,1942
Diplopoda,Chamberlin,1,
Diplopoda,Cope,1,1870
Diplopoda,Wood,9,
Diplura,Allen,2,2003
Diplura,Allen,1,2005
Diplura,Allen,4,2006
Diplura,Allen & Rosenberg,2,2005
Diptera,Aldrich,1,1912
Diptera,Alexander,5,1912
Diptera,Alexander,6,1914
Diptera,Alexander,1,1916
Diptera,Alexander,2,1917
Diptera,Alexander,1,1919
Diptera,Alexander,1,1940
Diptera,Alexander,1,1941
Diptera,Back,3,1904
Diptera,Back,3,1909
Diptera,Bezzi,1,
Diptera,Brennan,1,1935
Diptera,Bromley,2,1925
Diptera,Bromley,7,1927
Diptera,Bromley,1,1931
Diptera,Bromley,1,1934
Diptera,Bromley,14,1942
Diptera,Bromley,1,1950
Diptera,Chamberlin,2,
Diptera,Cole,6,1923
Diptera,Coquillett In Johnson,2,1903
Diptera,Cresson,6,1906
Diptera,Cresson,4,1907
Diptera,Cresson,3,1908
Diptera,Cresson,1,1910
Diptera,Cresson,9,1911
Diptera,Cresson,5,1912
Diptera,Cresson,2,1913
Diptera,Cresson,9,1914
Diptera,Cresson,15,1915
Diptera,Cresson,15,1916
Diptera,Cresson,10,1917
Diptera,Cresson,29,1918
Diptera,Cresson,26,1919
Diptera,Cresson,8,1920
Diptera,Cresson,1,1921[1922]
Diptera,Cresson,2,1922
Diptera,Cresson,3,1923
Diptera,Cresson,7,1924
Diptera,Cresson,14,1925
Diptera,Cresson,21,1926
Diptera,Cresson,14,1929
Diptera,Cresson,17,1930
Diptera,Cresson,6,1931
Diptera,Cresson,8,1932
Diptera,Cresson,5,1933
Diptera,Cresson,12,1934
Diptera,Cresson,12,1935
Diptera,Cresson,5,1936
Diptera,Cresson,4,1938
Diptera,Cresson,2,1939
Diptera,Cresson,16,1940
Diptera,Cresson,7,1941
Diptera,Cresson,6,1942
Diptera,Cresson,4,1943
Diptera,Cresson,12,1944
Diptera,Cresson,2,1946
Diptera,Cresson,1,1947
Diptera,Cresson,3,1948
Diptera,Cresson,3,1949
Diptera,Curran,2,1925
Diptera,Dalmat,1,1942
Diptera,Dietz,1,
Diptera,Dietz,6,1914
Diptera,Dietz,10,1916
Diptera,Dietz,4,1917
Diptera,Dietz,27,1918
Diptera,Dietz,6,1919
Diptera,Dietz,1,1920
Diptera,Dietz,32,1921
Diptera,Dodge,1,1966
Diptera,Fisher,8,1938
Diptera,Fisher,12,1939
Diptera,Fisher,3,1940
Diptera,Fisher,5,1941
Diptera,Garrett,1,1924
Diptera,Grote,2,1867
Diptera,Hine,1,1917
Diptera,Hine,3,1919
Diptera,Hine,1,1920
Diptera,Hough,7,1898
Diptera,Huckett,1,1934
Diptera,Huckett,11,1939
Diptera,Hull,9,1930
Diptera,Hull,1,1935
Diptera,Hull,21,1940
Diptera,James,6,1939
Diptera,James,1,1941
Diptera,Johnson,7,1898
Diptera,Johnson in Skinner,3,1903
Diptera,Laffoon,3,1957
Diptera,Leonard,1,1930
Diptera,Loew,1,1846
Diptera,Malloch,1,1913
Diptera,Malloch,38,1914
Diptera,Malloch,1,1915
Diptera,Malloch,30,1918
Diptera,Malloch,12,1920
Diptera,Melander,11,1902
Diptera,Melander,2,1906
Diptera,Melander,1,1913
Diptera,Melander,1,1918
Diptera,Melander,1,1927
Diptera,Oldroyd,2,1957
Diptera,Osten Sacken,46,1859
Diptera,Osten Sacken,1,1865
Diptera,Osten Sacken,2,1869
Diptera,Osten Sacken,2,1875
Diptera,Painter,1,1932
Diptera,Rapp,5,1943
Diptera,Roback,36,1957
Diptera,Roback,1,1958
Diptera,Roback,1,1959
Diptera,Roback,11,1960
Diptera,Roback,5,1962
Diptera,Roback,1,1965
Diptera,Roback,3,1971
Diptera,Roback,1,1979
Diptera,Roback,1,1980
Diptera,Roback,1,1981
Diptera,Roback,1,1982
Diptera,Roback,5,1983
Diptera,Roback,1,1985
Diptera,Roback,7,1987
Diptera,Roback & Rutter,1,1988
Diptera,Sabrosky,1,1950
Diptera,Soponis,1,1977
Diptera,Sturtevant & Wheeler,25,1954
Diptera,Van Duzee,4,1913
Diptera,Van Duzee,3,1914
Diptera,Van Duzee,1,1915
Diptera,Van Duzee,1,1919
Diptera,Van Duzee,3,1924
Diptera,Van Duzee,2,1926
Diptera,W. G. Dietz,1,1921
Diptera,Williston,2,1886[1887]
Diptera,Williston,1,1893
Ephemeroptera,Allen,1,1977
Ephemeroptera,Allen,1,MS ?
Ephemeroptera,"Edmunds, Berner & Traver",1,1958
Ephemeroptera,Funk,1,
Ephemeroptera,Funk,1,2006
Ephemeroptera,Lugo-Ortiz & McCafferty,1,1994
Ephemeroptera,Waltz & McCafferty,1,
Geophilomorpha,Saeger,1,
Geophilomorpha,Wood,8,
Hemiptera,Cockerell,1,1900
Hemiptera,Davis,1,1923
Hemiptera,DeLong,1,1980
Hemiptera,Haldeman,2,1853[1854]
Hemiptera,McAtee & Malloch,5,1925
Hemiptera,StÃ¥l,1,1862
Hemiptera,Uhler,1,1861
Hemiptera,Uhler,5,1863
Hemiptera,Uhler,1,1870
Hemiptera,Van Duzee,2,1903
Hemiptera,Van Duzee,2,1904
Hemiptera,Van Duzee,2,1910
Hymenoptera,? [unreadable],1,
Hymenoptera,?_____,1,
Hymenoptera,?_______,5,
Hymenoptera,?________,1,
Hymenoptera,Aaron,32,1885
Hymenoptera,Allen,13,
Hymenoptera,Allen & Krombein,1,
Hymenoptera,Andre,1,
Hymenoptera,Andre,1,1882
Hymenoptera,Andre,1,1887
Hymenoptera,Ashmead,15,
Hymenoptera,Ashmead,5,1894
Hymenoptera,Baker,1,
Hymenoptera,Banks,3,
Hymenoptera,Banks,8,1941
Hymenoptera,Bartlett,2,1912
Hymenoptera,Bassett,5,1863
Hymenoptera,Bassett,8,1864
Hymenoptera,Bassett,2,1870
Hymenoptera,Bassett,29,1881
Hymenoptera,Bassett,1,1889
Hymenoptera,Bassett,38,1890
Hymenoptera,Bassett,40,1900
Hymenoptera,Bequaert,1,
Hymenoptera,BeutenmÃ¼ller,1,
Hymenoptera,BeutenmÃ¼ller,1,1909
Hymenoptera,Beutenmuller,1,1892
Hymenoptera,Beutenmuller,2,1907
Hymenoptera,Beutenmuller,1,1909
Hymenoptera,Blake,68,1871
Hymenoptera,Blake,12,1872
Hymenoptera,Blake,28,1879
Hymenoptera,Blake,21,1886
Hymenoptera,Bradley,19,
Hymenoptera,Bradley,2,1902
Hymenoptera,Bradley,1,1903
Hymenoptera,Bradley,1,1905
Hymenoptera,Bradley,6,1908
Hymenoptera,Bradley,1,1913
Hymenoptera,Bradley,2,1916
Hymenoptera,Bradley,2,1917
Hymenoptera,Bradley,1,1942
Hymenoptera,Brown,1,1943
Hymenoptera,Brues,4,1905
Hymenoptera,Cameron,1,
Hymenoptera,Cockerell,84,
Hymenoptera,Cockerell,9,1894
Hymenoptera,Cockerell,19,1895
Hymenoptera,Cockerell,15,1896
Hymenoptera,Cockerell,3,1897
Hymenoptera,Cockerell,13,1898
Hymenoptera,Cockerell,43,1903
Hymenoptera,Cockerell,6,1905
Hymenoptera,Cockerell,1,1906
Hymenoptera,Cockerell,2,1907
Hymenoptera,Cockerell & Casad,2,1894
Hymenoptera,Cockerell & Casad,3,1895
Hymenoptera,Cockerell & Fox,9,1897
Hymenoptera,Cockerell & Porter,1,
Hymenoptera,Cockerell & Porter,1,1899
Hymenoptera,Crawford,7,
Hymenoptera,Crawford,1,1902
Hymenoptera,Crawford,2,1904
Hymenoptera,Cresson,20,
Hymenoptera,Cresson,32,1863
Hymenoptera,Cresson,247,1864
Hymenoptera,Cresson,384,1865
Hymenoptera,Cresson,108,1867
Hymenoptera,Cresson,1,1867[1868]
Hymenoptera,Cresson,188,1868
Hymenoptera,Cresson,5,1868[1869]
Hymenoptera,Cresson,62,1869
Hymenoptera,Cresson,77,1870
Hymenoptera,Cresson,2,1871
Hymenoptera,Cresson,291,1872
Hymenoptera,Cresson,12,1872[1873]
Hymenoptera,Cresson,196,1873
Hymenoptera,Cresson,21,1873[1874]
Hymenoptera,Cresson,7,1874
Hymenoptera,Cresson,1,1875
Hymenoptera,Cresson,16,1875
Hymenoptera,Cresson,1,1875[1876]
Hymenoptera,Cresson,2,1876
Hymenoptera,Cresson,69,1877
Hymenoptera,Cresson,319,1878
Hymenoptera,Cresson,60,1878[1879]
Hymenoptera,Cresson,94,1879
Hymenoptera,Cresson,176,1880
Hymenoptera,Cresson,10,1881
Hymenoptera,Cresson,18,1881[1882]
Hymenoptera,Cresson,1,1882
Hymenoptera,Cresson,1,1887
Hymenoptera,Cresson,1,1890
Hymenoptera,Cresson?,1,
Hymenoptera,Davis,4,
Hymenoptera,Davis,1,1893
Hymenoptera,Davis,3,1894
Hymenoptera,Davis,20,1895
Hymenoptera,Davis,90,1897
Hymenoptera,Davis,2,1897[1868]
Hymenoptera,Davis,117,1897[1898]
Hymenoptera,Davis,29,1898
Hymenoptera,Dunning,4,
Hymenoptera,Dunning,1,1896
Hymenoptera,Dunning,2,1897
Hymenoptera,Dunning,3,1898
Hymenoptera,Emery,3,
Hymenoptera,Emery,4,1886
Hymenoptera,Emery,3,1887
Hymenoptera,Emery & Forel,1,1879
Hymenoptera,Evans,4,
Hymenoptera,Fent. [?]* ,1,
Hymenoptera,Fernald,4,
Hymenoptera,Forel,1,
Hymenoptera,Fox,7,
Hymenoptera,Fox,3,1890
Hymenoptera,Fox,17,1891
Hymenoptera,Fox,32,1892
Hymenoptera,Fox,34,1893
Hymenoptera,Fox,21,1893[1894]
Hymenoptera,Fox,7,1894
Hymenoptera,Fox,45,1895
Hymenoptera,Fox,7,1895[1896]
Hymenoptera,Fox,11,1896
Hymenoptera,Fox,1,1897
Hymenoptera,Fox,16,1898
Hymenoptera,Fox,65,1899
Hymenoptera,Fox ?,1,
Hymenoptera,Franklin,1,
Hymenoptera,Franklin,1,1911
Hymenoptera,Franklin,4,1913
Hymenoptera,Frison,1,1923
Hymenoptera,Gillaspy,1,
Hymenoptera,Graenicher,5,1903
Hymenoptera,Graenicher,3,1904
Hymenoptera,Haldeman,1,
Hymenoptera,Harrington,1,1896
Hymenoptera,Hertzog,1,
Hymenoptera,Hooker,5,1912
Hymenoptera,Hopper,7,
Hymenoptera,Huber,1,1976
Hymenoptera,Hurd & Moore,1,
Hymenoptera,Janjic & Packer,1,
Hymenoptera,Kincaid,4,
Hymenoptera,Kinsey,1,
Hymenoptera,Kinsey,5,1920
Hymenoptera,Kinsey,24,1922
Hymenoptera,Kinsey,1,1936
Hymenoptera,Kinsey & Ayers,1,1922
Hymenoptera,Kohl,1,
Hymenoptera,Krombein,9,
Hymenoptera,La Berge & Ribble,1,1972
Hymenoptera,LaBerge,1,1944
Hymenoptera,Lewis,1,1897
Hymenoptera,Linnaeus,1,
Hymenoptera,Linsley,3,1941
Hymenoptera,Linsley,2,1943
Hymenoptera,MacGillivray,2,
Hymenoptera,MacGillivray,1,1900
Hymenoptera,Mann,2,
Hymenoptera,Mao & Muesebeck,3,
Hymenoptera,Marlatt,1,1892
Hymenoptera,Marlatt,1,1895
Hymenoptera,Marlatt,36,1896
Hymenoptera,McFarland,2,1888
Hymenoptera,Melander,3,
Hymenoptera,Merrill,1,1915
Hymenoptera,Michener,1,
Hymenoptera,Michener,1,1939
Hymenoptera,Mickel,18,
Hymenoptera,Mickel & Krombein,1,1942
Hymenoptera,Mitchell,2,1926
Hymenoptera,Mitchell,3,1928[1929]
Hymenoptera,Mitchell,38,1930
Hymenoptera,Mitchell,6,1934
Hymenoptera,Mitchell,1,1935
Hymenoptera,Mitchell,1,1937
Hymenoptera,Mitchell,2,1960
Hymenoptera,Mitchell,1,[1928]1929
Hymenoptera,Murray,1,
Hymenoptera,Norton,16,
Hymenoptera,Norton,1,1860
Hymenoptera,Norton,4,1861
Hymenoptera,Norton,11,1862
Hymenoptera,Norton,1,1863
Hymenoptera,Norton,21,1864
Hymenoptera,Norton,1,1865
Hymenoptera,Norton,33,1867
Hymenoptera,Norton,11,1868
Hymenoptera,Norton,15,1869
Hymenoptera,Norton,17,1872
Hymenoptera,Norton,8,1879
Hymenoptera,Packard,1,
Hymenoptera,Packard,9,1866
Hymenoptera,Packard,32,1867
Hymenoptera,Packard,1,1877
Hymenoptera,Packard,2,1881
Hymenoptera,Parker,1,
Hymenoptera,Parker,3,1917
Hymenoptera,Pate,22,
Hymenoptera,Pate,2,1936
Hymenoptera,Pate,7,1937
Hymenoptera,Pate,12,1938
Hymenoptera,Pate,13,1939
Hymenoptera,Pate,22,1940
Hymenoptera,Pate,4,1941
Hymenoptera,Pate,7,1942
Hymenoptera,Pate,13,1943
Hymenoptera,Pate,3,1944
Hymenoptera,Pate,2,1946
Hymenoptera,Pate,12,1947
Hymenoptera,Pate,1,1948
Hymenoptera,Patton,2,
Hymenoptera,Patton,4,1879
Hymenoptera,Patton,1,1881
Hymenoptera,Porter,1,
Hymenoptera,Pratt,3,
Hymenoptera,Riegel,4,
Hymenoptera,Riley,1,
Hymenoptera,Riley & Bassett,1,1900
Hymenoptera,Roberts,1,
Hymenoptera,Robertson,15,
Hymenoptera,Robertson,10,1889
Hymenoptera,Robertson,9,1890
Hymenoptera,Robertson,1,1892
Hymenoptera,Roger,1,
Hymenoptera,Rohwer,2,
Hymenoptera,Saussure,1,
Hymenoptera,Say,7,
Hymenoptera,Schuster,3,
Hymenoptera,Schwarz,3,
Hymenoptera,Scullen,2,
Hymenoptera,Shenefelt,2,
Hymenoptera,Skinner,1,1906
Hymenoptera,Smith,1,
Hymenoptera,"Smith, E.A.",1,1879
Hymenoptera,Townes,10,
Hymenoptera,Vachal,1,
Hymenoptera,Viereck,20,
Hymenoptera,Viereck,1,1898
Hymenoptera,Viereck,3,1901
Hymenoptera,Viereck,13,1902
Hymenoptera,Viereck,7,1902[1903]
Hymenoptera,Viereck,69,1903
Hymenoptera,Viereck,79,1904
Hymenoptera,Viereck,6,1905
Hymenoptera,Viereck,13,1907
Hymenoptera,Viereck,3,1909
Hymenoptera,Viereck,33,1916[1917]
Hymenoptera,Viereck,37,1917
Hymenoptera,Viereck,1,1920
Hymenoptera,Viereck,3,1922
Hymenoptera,Viereck & Cockerell,3,
Hymenoptera,Viereck & Cockerell,20,1904
Hymenoptera,Viereck & Cockerell,7,1914
Hymenoptera,Weed,1,1887
Hymenoptera,Weed,3,1888
Hymenoptera,Weld,1,
Hymenoptera,Weld,1,1921
Hymenoptera,Wheeler,1,1937
Hymenoptera,Wheeler & Mann,2,
Hymenoptera,Wheeler & Mann,2,1914
Lepidoptera,Aaron,2,1884
Lepidoptera,Bell,4,
Lepidoptera,Blake,1,
Lepidoptera,Blake,1,1863
Lepidoptera,Blake,1,1865
Lepidoptera,Braun,1,1948
Lepidoptera,Braun,3,1963
Lepidoptera,Braun,1,1972
Lepidoptera,Brower,1,1941
Lepidoptera,Bruce,1,1901
Lepidoptera,Cadbury,1,1931
Lepidoptera,Cadbury,1,1937
Lepidoptera,Cary,1,
Lepidoptera,Chambers,2,1872
Lepidoptera,Clemens,36,1859
Lepidoptera,Clemens,125,1860
Lepidoptera,Clemens,1,1861
Lepidoptera,Clemens,9,1862
Lepidoptera,Clemens,34,1863
Lepidoptera,Clemens,48,1864
Lepidoptera,Clemens,26,1865
Lepidoptera,Coxey,1,
Lepidoptera,Darlington,4,1949
Lepidoptera,Edwards,1,
Lepidoptera,Edwards,1,1875
Lepidoptera,Edwards,1,1881
Lepidoptera,"Edwards, W.H.",1,1877
Lepidoptera,Fernald,1,
Lepidoptera,Fernald,1,1879
Lepidoptera,Fernald,1,1894
Lepidoptera,Fernald,1,1898
Lepidoptera,Fox,1,
Lepidoptera,Fox,4,1941
Lepidoptera,Grossbeck,6,1908
Lepidoptera,Grote,1,
Lepidoptera,Grote,1,1862
Lepidoptera,Grote,13,1863
Lepidoptera,Grote,29,1864
Lepidoptera,Grote,31,1865
Lepidoptera,Grote,6,1866
Lepidoptera,Grote,7,1867
Lepidoptera,Grote,2,1871
Lepidoptera,Grote,32,1872
Lepidoptera,Grote,6,1873
Lepidoptera,Grote & Robinson,5,1865
Lepidoptera,Grote & Robinson,9,1866
Lepidoptera,Grote & Robinson,17,1867
Lepidoptera,Grote & Robinson,17,1868
Lepidoptera,Grote & Robinson,8,1870
Lepidoptera,Gunder,2,1927
Lepidoptera,Gundlach,1,1866
Lepidoptera,Gundlach,1,1881
Lepidoptera,Haimbach,2,1907
Lepidoptera,Haimbach,5,1908
Lepidoptera,Haimbach,8,1915
Lepidoptera,Haimbach,5,1928
Lepidoptera,Haimbach,1,1930
Lepidoptera,Hayward,6,1941
Lepidoptera,Herrich-SchÃ¤ffer,1,1857
Lepidoptera,Herrich-SchÃ¤ffer,8,1862
Lepidoptera,Herrich-SchÃ¤ffer,5,1863
Lepidoptera,Herrich-SchÃ¤ffer,4,1864
Lepidoptera,Herrich-SchÃ¤ffer,9,1865
Lepidoptera,"Herrich-SchÃ¤ffer, G.A.W.",1,1862
Lepidoptera,Jones,1,1908
Lepidoptera,Jones,1,1926
Lepidoptera,Kearfott,1,1903
Lepidoptera,Klots,1,1929
Lepidoptera,Laurent,1,1892
Lepidoptera,Mengel,2,1916
Lepidoptera,Mengel,1,1919
Lepidoptera,Newcomb,1,1901
Lepidoptera,Packard,6,1864
Lepidoptera,Packard,1,1876
Lepidoptera,Pavulaan & Wright,1,2005
Lepidoptera,Poey,11,1832
Lepidoptera,Poey,1,1846
Lepidoptera,Poey,7,1851
Lepidoptera,Poey,1,1853
Lepidoptera,Ramsden,1,
Lepidoptera,Ramsden,1,1914
Lepidoptera,Ramsden,1,1915
Lepidoptera,Ramsden,1,1921
Lepidoptera,Reakirt,3,1866
Lepidoptera,Richards,2,1943
Lepidoptera,Robinson,43,1869
Lepidoptera,Robinson,2,1870
Lepidoptera,"Say, Thomas",1,1828
Lepidoptera,Scudder,2,1872
Lepidoptera,Skinner,3,1889
Lepidoptera,Skinner,2,1890
Lepidoptera,Skinner,1,1891
Lepidoptera,Skinner,4,1892
Lepidoptera,Skinner,2,1893
Lepidoptera,Skinner,1,1894
Lepidoptera,Skinner,5,1895
Lepidoptera,Skinner,2,1896
Lepidoptera,Skinner,6,1897
Lepidoptera,Skinner,3,1899
Lepidoptera,Skinner,6,1902
Lepidoptera,Skinner,3,1903
Lepidoptera,Skinner,1,1904
Lepidoptera,Skinner,4,1905
Lepidoptera,Skinner,3,1906
Lepidoptera,Skinner,1,1907
Lepidoptera,Skinner,1,1908
Lepidoptera,Skinner,13,1911
Lepidoptera,Skinner,2,1912
Lepidoptera,Skinner,3,1913
Lepidoptera,Skinner,2,1914
Lepidoptera,Skinner,1,1916
Lepidoptera,Skinner,6,1917
Lepidoptera,Skinner,1,1918
Lepidoptera,Skinner,2,1919
Lepidoptera,Skinner,13,1920
Lepidoptera,Skinner,3,1921
Lepidoptera,Skinner,1,1923
Lepidoptera,Skinner & Aaron,1,1889
Lepidoptera,Skinner & Mengel,3,1892
Lepidoptera,Skinner & Ramsden,1,1923
Lepidoptera,Skinner & Williams,1,1923
Lepidoptera,Strecker,1,1872
Lepidoptera,Walsingham,3,1882
Lepidoptera,Williams,3,1914
Lepidoptera,Williams,9,1926
Lepidoptera,Williams,7,1927
Lepidoptera,Williams,2,1931
Lepidoptera,Williams,1,1933
Lepidoptera,Williams & Bell,8,1931
Lepidoptera,Williams & Bell,4,1939
Lepidoptera,Wright & Pavulaan,1,1999
Mantodea,Chopard,6,
Mantodea,Giglio-Tos,1,1927
Mantodea,Hebard,2,1919
Mantodea,Hebard,12,1920
Mantodea,Hebard,4,1922
Mantodea,Hebard,1,1924
Mantodea,Hebard,1,1931
Mantodea,Hebard,1,1935
Mantodea,Rehn,2,
Mantodea,Rehn,1,1900
Mantodea,Rehn,7,1901
Mantodea,Rehn,4,1904
Mantodea,Rehn,1,1906
Mantodea,Rehn,3,1907
Mantodea,Rehn,3,1911
Mantodea,Rehn,2,1912
Mantodea,Rehn,3,1913
Mantodea,Rehn,2,1916
Mantodea,Rehn,2,1918
Mantodea,Rehn,3,1920
Mantodea,Rehn,7,1935
Mantodea,Rehn,1,1941
Mantodea,Rehn,7,1949
Mantodea,Rehn,3,1951
Mantodea,Rehn & Hebard,1,1908
Mantodea,Rehn & Hebard,1,1909
Mantodea,Rehn & Hebard,1,1938
Mantodea,Roy,2,
Mantodea,Roy,1,1989
Mantodea,Scudder,1,1869
Mantodea,Scudder,1,1872
Mantodea,Scudder,1,1877
Mantodea,Scudder,5,1896
Mantodea,Terra,1,1982
Mantodea,Tinkham,1,1937
Neuroptera,Banks,14,
Neuroptera,Banks,2,1939
Neuroptera,Rehn,1,
Neuroptera,Rehn,2,1939
Odonata,,1,
Odonata,Calvert,6,
Odonata,Calvert,3,1890
Odonata,Calvert,1,1891
Odonata,Calvert,1,1893
Odonata,Calvert,3,1895
Odonata,Calvert,1,1898
Odonata,Calvert,3,1899
Odonata,Calvert,7,1902
Odonata,Calvert,5,1903
Odonata,Calvert,1,1905
Odonata,Calvert,1,1906
Odonata,Calvert,3,1907
Odonata,Calvert,2,1908
Odonata,Calvert,15,1909
Odonata,Calvert,1,1912
Odonata,Calvert,1,1913
Odonata,Calvert,1,1917
Odonata,Calvert,3,1919
Odonata,Calvert,2,1920
Odonata,Calvert,1,1921
Odonata,Calvert,2,1924
Odonata,Calvert,8,1931
Odonata,Calvert,3,1947
Odonata,Calvert,1,1949
Odonata,DeMarmels,1,1997
Odonata,Fisher,1,
Odonata,Huggins,1,1927
Odonata,Kennedy,1,1918
Odonata,Leach,1,
Odonata,Muttkowski,1,1911
Odonata,Needham,1,
Odonata,Needham,1,1930
Odonata,Walker,1,
Odonata,Walker,1,1912
Odonata,Williamson,1,
Odonata,Williamson,1,1908
Odonata,Williamson,1,1917
Opiliones,Chamberlin,1,
Opiliones,Wood,9,
Orthoptera,Bailey,1,1975
Orthoptera,Bei-Bienko,1,
Orthoptera,Blatchley,2,
Orthoptera,Blatchley,1,1892
Orthoptera,Blatchley,1,1893
Orthoptera,Blatchley,1,1894
Orthoptera,Blatchley,1,1898
Orthoptera,Blatchley,1,1900
Orthoptera,Blatchley,1,1903
Orthoptera,Bolivar,1,
Orthoptera,Bolivar,2,1884
Orthoptera,Bolivar,1,1898
Orthoptera,Bruner,34,
Orthoptera,Bruner,1,1876
Orthoptera,Bruner,1,1884
Orthoptera,Bruner,8,1885
Orthoptera,Bruner,12,1889
Orthoptera,Bruner,12,1890
Orthoptera,Bruner,10,1891
Orthoptera,Bruner,2,1893
Orthoptera,Bruner,1,1894
Orthoptera,Bruner,1,1895
Orthoptera,Bruner,1,1897
Orthoptera,Bruner,1,1899
Orthoptera,Bruner,25,1900
Orthoptera,Bruner,1,1901
Orthoptera,Bruner,2,1903
Orthoptera,Bruner,47,1904
Orthoptera,Bruner,35,1905
Orthoptera,Bruner,22,1906
Orthoptera,Bruner,10,1907
Orthoptera,Bruner,37,1908
Orthoptera,Bruner,23,1910
Orthoptera,Bruner,54,1911
Orthoptera,Bruner,19,1913
Orthoptera,Bruner,49,1915
Orthoptera,Bruner,14,1916
Orthoptera,Bruner,29,1919
Orthoptera,Bruner,3,1920
Orthoptera,Brunner,1,1878
Orthoptera,Brunner,1,1891
Orthoptera,Burmeister,1,1838
Orthoptera,Caudell,1,1907
Orthoptera,Caudell,1,1916
Orthoptera,Chopard,3,1918
Orthoptera,Chopard,2,1961
Orthoptera,Chopard,5,1967
Orthoptera,Chopard,3,1968
Orthoptera,Chopard,2,1969
Orthoptera,Cigliano & Otte,13,2003
Orthoptera,Descamps,1,
Orthoptera,Descamps,3,1971
Orthoptera,Descamps,3,1973
Orthoptera,Descamps,29,1974
Orthoptera,Descamps,4,1975
Orthoptera,Descamps,14,1976
Orthoptera,Descamps,3,1979
Orthoptera,Dodge,2,1876
Orthoptera,Dodge,1,1877
Orthoptera,Eades,1,1961
Orthoptera,Emsley,10,1970
Orthoptera,Emsley & Nickle,3,1969
Orthoptera,Fox,2,1912
Orthoptera,GÃ¼nther,1,
Orthoptera,GÃ¼nther,4,1969
Orthoptera,GÃ¼nther,3,1976
Orthoptera,Grant,8,
Orthoptera,Grant,7,1955
Orthoptera,Grant,7,1956
Orthoptera,Grant,3,1958
Orthoptera,Grant,2,1960
Orthoptera,Grant,8,1964
Orthoptera,Gurney & Eades,1,1961
Orthoptera,Haldeman,2,1850
Orthoptera,Hancock,154,
Orthoptera,Hancock,1,1895
Orthoptera,Hancock,6,1896
Orthoptera,Hancock,2,1898
Orthoptera,Hancock,5,1899
Orthoptera,Hancock,10,1900
Orthoptera,Hancock,19,1902
Orthoptera,Hancock,14,1904
Orthoptera,Hancock,18,1906
Orthoptera,Hancock,14,1907
Orthoptera,Hancock,2,1908
Orthoptera,Hancock,6,1910
Orthoptera,Hancock,24,1912
Orthoptera,Hancock,11,1913
Orthoptera,Hancock,41,1915
Orthoptera,Hancock,1,1918
Orthoptera,Harris,1,1841
Orthoptera,Hebard,35,
Orthoptera,Hebard,1,1908
Orthoptera,Hebard,2,1913
Orthoptera,Hebard,2,1915
Orthoptera,Hebard,1,1916
Orthoptera,Hebard,1,1917
Orthoptera,Hebard,11,1918
Orthoptera,Hebard,13,1919
Orthoptera,Hebard,14,1920
Orthoptera,Hebard,78,1922
Orthoptera,Hebard,73,1923
Orthoptera,Hebard,45,1924
Orthoptera,Hebard,8,1925
Orthoptera,Hebard,5,1926
Orthoptera,Hebard,42,1927
Orthoptera,Hebard,46,1928
Orthoptera,Hebard,4,1929
Orthoptera,Hebard,9,1931
Orthoptera,Hebard,29,1932
Orthoptera,Hebard,14,1933
Orthoptera,Hebard,9,1934
Orthoptera,Hebard,22,1935
Orthoptera,Hebard,18,1936
Orthoptera,Hebard,7,1937
Orthoptera,Hebard,7,1939
Orthoptera,Hebard,3,1941
Orthoptera,Hubbell,1,1929
Orthoptera,Hubbell,2,1932
Orthoptera,Hubbell,14,1936
Orthoptera,Huxley,3,1970
Orthoptera,Jago,8,1971
Orthoptera,Karny,1,1926
Orthoptera,Karny,1,1931
Orthoptera,Kevan,3,1963
Orthoptera,Kevan,1,1965
Orthoptera,Kevan,3,1974
Orthoptera,"Kevan, Akbar & Singh",2,1964
Orthoptera,"Kevan, Singh & Akbar",4,1964
Orthoptera,Liebermann,1,
Orthoptera,Liebermann,1,1965
Orthoptera,Linnaeus,2,1758
Orthoptera,Lugger,1,1898
Orthoptera,McNeill,1,1896
Orthoptera,McNeill,1,1899
Orthoptera,McNeill,1,1901
Orthoptera,Morse,25,
Orthoptera,Morse,1,1893
Orthoptera,Morse,3,1894
Orthoptera,Morse,12,1895
Orthoptera,Morse,1,1896
Orthoptera,Morse,6,1899
Orthoptera,Morse,7,1900
Orthoptera,Morse,9,1901
Orthoptera,Morse,3,1903
Orthoptera,Morse,15,1904
Orthoptera,Morse,2,1905
Orthoptera,Morse,8,1906
Orthoptera,Morse,1,1908
Orthoptera,Morse,1,1909
Orthoptera,Nickle,1,1966
Orthoptera,Nickle,1,1967
Orthoptera,Nickle,2,1984
Orthoptera,Otte,10,1979
Orthoptera,Otte,4,1983
Orthoptera,Otte,12,1984
Orthoptera,Otte,8,1985
Orthoptera,Otte,46,1987
Orthoptera,Otte,10,1988
Orthoptera,Otte,207,1994
Orthoptera,Otte,2,2002
Orthoptera,Otte & Cade,12,1983
Orthoptera,Otte & Cade,22,1984
Orthoptera,Otte & Cohn,5,2002
Orthoptera,Otte & Jago,2,1979
Orthoptera,Otte & Peck,7,1997
Orthoptera,"Otte, Toms & Cade",3,1988
Orthoptera,Packard,1,1881
Orthoptera,"PÃ©rez-Gelabert, Hierro & Otte",10,1998
Orthoptera,"Perez, Dominici, Hierro & Otte",7,1995
Orthoptera,"Perez, Hierro & Otte",1,1997[1998]
Orthoptera,"Perez, Hierro, Dominici & Otte",4,1997[1998]
Orthoptera,"Perez-Gelabert, Hierro & Otte",2,1997[1998]
Orthoptera,Ragge,1,1969
Orthoptera,Rehn,31,
Orthoptera,Rehn,7,1900
Orthoptera,Rehn,9,1901
Orthoptera,Rehn,17,1902
Orthoptera,Rehn,6,1903
Orthoptera,Rehn,19,1904
Orthoptera,Rehn,26,1905
Orthoptera,Rehn,12,1906
Orthoptera,Rehn,22,1907
Orthoptera,Rehn,3,1908
Orthoptera,Rehn,3,1909
Orthoptera,Rehn,2,1910
Orthoptera,Rehn,1,1910[1911]
Orthoptera,Rehn,3,1911
Orthoptera,Rehn,1,1912
Orthoptera,Rehn,21,1913
Orthoptera,Rehn,1,1914
Orthoptera,Rehn,1,1915
Orthoptera,Rehn,6,1916
Orthoptera,Rehn,19,1917
Orthoptera,Rehn,37,1918
Orthoptera,Rehn,7,1919
Orthoptera,Rehn,3,1920
Orthoptera,Rehn,4,1921
Orthoptera,Rehn,1,1923
Orthoptera,Rehn,1,1927
Orthoptera,Rehn,20,1929
Orthoptera,Rehn,4,1930
Orthoptera,Rehn,2,1936
Orthoptera,Rehn,7,1937
Orthoptera,Rehn,6,1938
Orthoptera,Rehn,11,1939
Orthoptera,Rehn,6,1940
Orthoptera,Rehn,6,1941
Orthoptera,Rehn,11,1942
Orthoptera,Rehn,4,1943
Orthoptera,Rehn,13,1944
Orthoptera,Rehn,2,1945
Orthoptera,Rehn,7,1946
Orthoptera,Rehn,2,1947
Orthoptera,Rehn,2,1948
Orthoptera,Rehn,7,1950
Orthoptera,Rehn,5,1951
Orthoptera,Rehn,2,1952
Orthoptera,Rehn,5,1953
Orthoptera,Rehn,6,1955
Orthoptera,Rehn,1,1956
Orthoptera,Rehn,1,1957
Orthoptera,Rehn,1,1958
Orthoptera,Rehn,1,1959
Orthoptera,Rehn & Cockerell,1,1903
Orthoptera,Rehn & Eades,3,1961
Orthoptera,Rehn & Grant,2,1956
Orthoptera,Rehn & Grant,3,1958
Orthoptera,Rehn & Grant,6,1959
Orthoptera,Rehn & Hebard,2,
Orthoptera,Rehn & Hebard,1,1904
Orthoptera,Rehn & Hebard,7,1905
Orthoptera,Rehn & Hebard,3,1906
Orthoptera,Rehn & Hebard,4,1907
Orthoptera,Rehn & Hebard,4,1908
Orthoptera,Rehn & Hebard,9,1909
Orthoptera,Rehn & Hebard,2,1910
Orthoptera,Rehn & Hebard,7,1912
Orthoptera,Rehn & Hebard,22,1914
Orthoptera,Rehn & Hebard,11,1915
Orthoptera,Rehn & Hebard,11,1916
Orthoptera,Rehn & Hebard,3,1918
Orthoptera,Rehn & Hebard,1,1919
Orthoptera,Rehn & Hebard,10,1920
Orthoptera,Rehn & Hebard,2,1938
Orthoptera,Rehn & Randell,1,1962
Orthoptera,Rehn & Rehn,9,1934
Orthoptera,Rehn & Rehn,1,1936
Orthoptera,Rehn & Rehn,4,1939
Orthoptera,Rehn & Rehn,3,1940
Orthoptera,Rehn & Rehn,10,1942
Orthoptera,Rehn & Rehn,1,1943
Orthoptera,Rehn & Rehn,1,1944
Orthoptera,Rehn & Rehn,12,1945
Orthoptera,Rentz,6,1972
Orthoptera,Rentz,1,1973
Orthoptera,Rentz,2,1975
Orthoptera,Rentz,1,1976
Orthoptera,Rentz & Birchim,10,1968
Orthoptera,Rentz & Miller,2,1971
Orthoptera,Rentz & Weissman,1,1973
Orthoptera,Rentz & Weissman,1,1981
Orthoptera,Roberts,11,1937
Orthoptera,Roberts,1,1938
Orthoptera,Roberts,1,1941
Orthoptera,Roberts,3,1942
Orthoptera,Roberts,8,1947
Orthoptera,Roberts,5,1973
Orthoptera,Roberts,5,1975
Orthoptera,Ronderos,1,1976
Orthoptera,Rowell & Carbonell,1,1977
Orthoptera,Saussure,1,1897
Orthoptera,Scudder,7,
Orthoptera,Scudder,4,1861
Orthoptera,Scudder,39,1862
Orthoptera,Scudder,1,1863
Orthoptera,Scudder,49,1869
Orthoptera,Scudder,7,1872
Orthoptera,Scudder,70,1875
Orthoptera,Scudder,37,1876
Orthoptera,Scudder,27,1877
Orthoptera,Scudder,35,1878
Orthoptera,Scudder,1,1879
Orthoptera,Scudder,8,1881
Orthoptera,Scudder,3,1890
Orthoptera,Scudder,22,1892
Orthoptera,Scudder,7,1893
Orthoptera,Scudder,39,1894
Orthoptera,Scudder,10,1896
Orthoptera,Scudder,103,1897
Orthoptera,Scudder,27,1898
Orthoptera,Scudder,61,1899
Orthoptera,Scudder,18,1900
Orthoptera,Scudder,11,1901
Orthoptera,Scudder,22,1902
Orthoptera,Scudder & Cockerell,2,1902
Orthoptera,Serville,1,1831
Orthoptera,Serville,1,1839
Orthoptera,Shane,1,1948
Orthoptera,"Smith, S.I.",1,1868
Orthoptera,Strohecker,1,1939
Orthoptera,Thomas,1,1875
Orthoptera,Tinkham,1,
Orthoptera,Tinkham,2,1939
Orthoptera,Tinkham,4,1944
Orthoptera,Tinkham,4,1956
Orthoptera,Uhler,5,1864
Orthoptera,Uhler,1,1877
Orthoptera,Vignon,1,1930
Orthoptera,Walker,1,1903
Orthoptera,Walker,1,1962
Orthoptera,Walker,2,1967
Orthoptera,Willemse,1,1968
Orthoptera,Willemse,1,1974
Orthoptera,Willemse,3,1977
Phasmatodea,Hebard,1,
Phasmatodea,Hebard,9,1919
Phasmatodea,Hebard,1,1920
Phasmatodea,Hebard,1,1921
Phasmatodea,Hebard,4,1923
Phasmatodea,Hebard,7,1924
Phasmatodea,Hebard,2,1932
Phasmatodea,Hebard,7,1933
Phasmatodea,Hebard,2,1934
Phasmatodea,Hebard,2,1937
Phasmatodea,Moxey,1,1971
Phasmatodea,Putnam,4,
Phasmatodea,Redtenbacker,1,1908
Phasmatodea,Rehn,8,
Phasmatodea,Rehn,1,1902
Phasmatodea,Rehn,8,1904
Phasmatodea,Rehn,2,1905
Phasmatodea,Rehn,2,1906
Phasmatodea,Rehn,2,1907
Phasmatodea,Rehn,1,1909
Phasmatodea,Rehn,4,1911
Phasmatodea,Rehn,1,1913
Phasmatodea,Rehn,1,1918
Phasmatodea,Rehn,2,1920
Phasmatodea,Rehn,1,1933
Phasmatodea,Rehn,1,1938
Phasmatodea,Rehn,6,1947
Phasmatodea,Rehn,1,1953
Phasmatodea,Rehn & Hebard,2,1909
Phasmatodea,Rehn & Hebard,1,1914
Phasmatodea,Rehn & Hebard,5,1938
Phasmatodea,Rehn & Rehn,1,
Phasmatodea,Rehn & Rehn,3,1933
Phasmatodea,Rehn & Rehn,15,1938
Phasmatodea,"Rehn, J.W.H.",1,1937
Phasmatodea,"Rehn, J.W.H.",1,1938
Phasmatodea,"Rehn, J.W.H.",1,1940
Phasmatodea,Scudder,1,1869
Phasmatodea,Scudder,3,1875
Phasmatodea,Scudder,1,1895
Phasmatodea,Scudder,2,1900
Phasmatodea,Scudder,2,1901
Phasmatodea,Scudder,2,1902
Phasmatodea,Scudder,1,1903
Polydesmida,Causey,4,1942
Polydesmida,Causey,4,1950
Pseudoscorpiones,Chamberlin,1,
Psocoptera,Aaron,8,1883
Psocoptera,Aaron,8,1886
Scorpionidea,Wood,1,
Trichoptera,Ross,2,1941
